namespace,schema_sha256,topic_uuid,topic_name,topic_options,question_uuid,question_label,question_text,question_type,question_hint_type,question_next_questions,alpha_distance,question_options,answer_count,answer_uuid,answer_label,answer_content,answer_next_questions,highlight,require_highlight,answer_options
Evidence2022_01_27,97ed360dcb5a98832e3382d04ca83a5e8eb0a895ed9cd03f339633d67e2cc05c,346ede04-d661-464f-9822-38aa487af393,Evidence Specialist,"{""highlight"": true, ""version"": ""5"", ""hint_type"": """"}",6eb0af40-453e-4095-8f02-6eb244ec671d,T1.Q0,"Read the text immediately surrounding the bolded text, and identify the claim or argument that the bold text is supporting. (Drag the context slider, under the text display pane, to the right for more context.) Did you find the argument or claim the evidence in bold font is meant to support?",RADIO,,,nominal,"{""version"": ""5"", ""alpha_distance"": ""nominal"", ""require_one_or_more"": true, ""hint_type"": """"}",3,10131552-ed84-4b72-982b-7b378a38b217,T1.Q0.A1,Yes,T1.Q1,1,1,"{""case_numbers"": false, ""highlight"": true, ""version"": ""5"", ""require_highlight"": true}"
Evidence2022_01_27,97ed360dcb5a98832e3382d04ca83a5e8eb0a895ed9cd03f339633d67e2cc05c,346ede04-d661-464f-9822-38aa487af393,Evidence Specialist,"{""highlight"": true, ""version"": ""5"", ""hint_type"": """"}",6eb0af40-453e-4095-8f02-6eb244ec671d,T1.Q0,"Read the text immediately surrounding the bolded text, and identify the claim or argument that the bold text is supporting. (Drag the context slider, under the text display pane, to the right for more context.) Did you find the argument or claim the evidence in bold font is meant to support?",RADIO,,,nominal,"{""version"": ""5"", ""alpha_distance"": ""nominal"", ""require_one_or_more"": true, ""hint_type"": """"}",3,02faf983-7944-44ab-b3cc-74b9beb4f7b9,T1.Q0.A2,Maybe,T1.Q1,1,1,"{""case_numbers"": false, ""highlight"": true, ""version"": ""5"", ""require_highlight"": true}"
Evidence2022_01_27,97ed360dcb5a98832e3382d04ca83a5e8eb0a895ed9cd03f339633d67e2cc05c,346ede04-d661-464f-9822-38aa487af393,Evidence Specialist,"{""highlight"": true, ""version"": ""5"", ""hint_type"": """"}",6eb0af40-453e-4095-8f02-6eb244ec671d,T1.Q0,"Read the text immediately surrounding the bolded text, and identify the claim or argument that the bold text is supporting. (Drag the context slider, under the text display pane, to the right for more context.) Did you find the argument or claim the evidence in bold font is meant to support?",RADIO,,,nominal,"{""version"": ""5"", ""alpha_distance"": ""nominal"", ""require_one_or_more"": true, ""hint_type"": """"}",3,7ac7c321-7974-4c44-aef2-782e909f7c0f,T1.Q0.A3,No,,0,1,"{""case_numbers"": false, ""highlight"": false, ""version"": ""5"", ""require_highlight"": true}"
Evidence2022_01_27,97ed360dcb5a98832e3382d04ca83a5e8eb0a895ed9cd03f339633d67e2cc05c,346ede04-d661-464f-9822-38aa487af393,Evidence Specialist,"{""highlight"": true, ""version"": ""5"", ""hint_type"": """"}",10a4a523-7bbf-4839-9c03-c1a1ba51e573,T1.Q1,"Does the bold font present evidence for a relationship between two (or more) features or characteristics of people, objects, or events?",RADIO,,,ordinal,"{""version"": ""5"", ""alpha_distance"": ""ordinal"", ""require_one_or_more"": true, ""hint_type"": """"}",3,311fb239-a102-470c-b034-81976dbd3adc,T1.Q1.A1,Yes,"T1.Q2, T1.Q6, T1.Q7, T1.Q9",0,1,"{""case_numbers"": false, ""highlight"": false, ""version"": ""5"", ""require_highlight"": true}"
Evidence2022_01_27,97ed360dcb5a98832e3382d04ca83a5e8eb0a895ed9cd03f339633d67e2cc05c,346ede04-d661-464f-9822-38aa487af393,Evidence Specialist,"{""highlight"": true, ""version"": ""5"", ""hint_type"": """"}",10a4a523-7bbf-4839-9c03-c1a1ba51e573,T1.Q1,"Does the bold font present evidence for a relationship between two (or more) features or characteristics of people, objects, or events?",RADIO,,,ordinal,"{""version"": ""5"", ""alpha_distance"": ""ordinal"", ""require_one_or_more"": true, ""hint_type"": """"}",3,79a32c21-fa85-42b1-abe5-4a0aa3780ea8,T1.Q1.A2,Maybe,"T1.Q2, T1.Q6, T1.Q7, T1.Q9",0,1,"{""case_numbers"": false, ""highlight"": false, ""version"": ""5"", ""require_highlight"": true}"
Evidence2022_01_27,97ed360dcb5a98832e3382d04ca83a5e8eb0a895ed9cd03f339633d67e2cc05c,346ede04-d661-464f-9822-38aa487af393,Evidence Specialist,"{""highlight"": true, ""version"": ""5"", ""hint_type"": """"}",10a4a523-7bbf-4839-9c03-c1a1ba51e573,T1.Q1,"Does the bold font present evidence for a relationship between two (or more) features or characteristics of people, objects, or events?",RADIO,,,ordinal,"{""version"": ""5"", ""alpha_distance"": ""ordinal"", ""require_one_or_more"": true, ""hint_type"": """"}",3,e931704e-e7f4-4545-8316-31a4b09bffd9,T1.Q1.A3,No,,0,1,"{""case_numbers"": false, ""highlight"": false, ""version"": ""5"", ""require_highlight"": true}"
Evidence2022_01_27,97ed360dcb5a98832e3382d04ca83a5e8eb0a895ed9cd03f339633d67e2cc05c,346ede04-d661-464f-9822-38aa487af393,Evidence Specialist,"{""highlight"": true, ""version"": ""5"", ""hint_type"": """"}",600d6b72-9357-4754-9c78-3dbd2df89372,T1.Q2,Is the evidence for the relationship you’ve identified driven by data (i.e. numbers) as opposed to simply a story or anecdote?,RADIO,,,ordinal,"{""version"": ""5"", ""alpha_distance"": ""ordinal"", ""require_one_or_more"": true, ""hint_type"": """"}",3,f06f21dd-8302-4d74-ba3d-a4c296f78ce1,T1.Q2.A1,Yes,T1.Q3,1,1,"{""case_numbers"": false, ""highlight"": true, ""version"": ""5"", ""require_highlight"": true}"
Evidence2022_01_27,97ed360dcb5a98832e3382d04ca83a5e8eb0a895ed9cd03f339633d67e2cc05c,346ede04-d661-464f-9822-38aa487af393,Evidence Specialist,"{""highlight"": true, ""version"": ""5"", ""hint_type"": """"}",600d6b72-9357-4754-9c78-3dbd2df89372,T1.Q2,Is the evidence for the relationship you’ve identified driven by data (i.e. numbers) as opposed to simply a story or anecdote?,RADIO,,,ordinal,"{""version"": ""5"", ""alpha_distance"": ""ordinal"", ""require_one_or_more"": true, ""hint_type"": """"}",3,7eb062bd-0fa3-493b-8dd4-7a7952f0f640,T1.Q2.A2,Maybe,T1.Q3,1,1,"{""case_numbers"": false, ""highlight"": true, ""version"": ""5"", ""require_highlight"": true}"
Evidence2022_01_27,97ed360dcb5a98832e3382d04ca83a5e8eb0a895ed9cd03f339633d67e2cc05c,346ede04-d661-464f-9822-38aa487af393,Evidence Specialist,"{""highlight"": true, ""version"": ""5"", ""hint_type"": """"}",600d6b72-9357-4754-9c78-3dbd2df89372,T1.Q2,Is the evidence for the relationship you’ve identified driven by data (i.e. numbers) as opposed to simply a story or anecdote?,RADIO,,,ordinal,"{""version"": ""5"", ""alpha_distance"": ""ordinal"", ""require_one_or_more"": true, ""hint_type"": """"}",3,2eb9118d-e527-42a3-b6a3-ebb774fc5a8b,T1.Q2.A3,"No, it's just a story or anecdote relating two or more entities, characteristics, occurrences, etc.",,1,1,"{""case_numbers"": false, ""highlight"": true, ""version"": ""5"", ""require_highlight"": true}"
Evidence2022_01_27,97ed360dcb5a98832e3382d04ca83a5e8eb0a895ed9cd03f339633d67e2cc05c,346ede04-d661-464f-9822-38aa487af393,Evidence Specialist,"{""highlight"": true, ""version"": ""5"", ""hint_type"": """"}",ad05aa28-e72f-4c0e-8dc1-00392940f966,T1.Q3,Were the data created by observing some sample group meant to represent some larger population?,RADIO,,,ordinal,"{""version"": ""5"", ""alpha_distance"": ""ordinal"", ""require_one_or_more"": true, ""hint_type"": """"}",4,dfa3a1f8-8042-486d-9e9e-3275cdddb54a,T1.Q3.A1,Yes,"T1.Q4, T1.Q5",1,1,"{""case_numbers"": false, ""highlight"": true, ""version"": ""5"", ""require_highlight"": true}"
Evidence2022_01_27,97ed360dcb5a98832e3382d04ca83a5e8eb0a895ed9cd03f339633d67e2cc05c,346ede04-d661-464f-9822-38aa487af393,Evidence Specialist,"{""highlight"": true, ""version"": ""5"", ""hint_type"": """"}",ad05aa28-e72f-4c0e-8dc1-00392940f966,T1.Q3,Were the data created by observing some sample group meant to represent some larger population?,RADIO,,,ordinal,"{""version"": ""5"", ""alpha_distance"": ""ordinal"", ""require_one_or_more"": true, ""hint_type"": """"}",4,0f18dd39-1bb4-4b0b-88a1-6861c6acfd89,T1.Q3.A2,Maybe,"T1.Q4, T1.Q5",1,1,"{""case_numbers"": false, ""highlight"": true, ""version"": ""5"", ""require_highlight"": true}"
Evidence2022_01_27,97ed360dcb5a98832e3382d04ca83a5e8eb0a895ed9cd03f339633d67e2cc05c,346ede04-d661-464f-9822-38aa487af393,Evidence Specialist,"{""highlight"": true, ""version"": ""5"", ""hint_type"": """"}",ad05aa28-e72f-4c0e-8dc1-00392940f966,T1.Q3,Were the data created by observing some sample group meant to represent some larger population?,RADIO,,,ordinal,"{""version"": ""5"", ""alpha_distance"": ""ordinal"", ""require_one_or_more"": true, ""hint_type"": """"}",4,f4071582-4e67-4483-bf53-627d6106665e,T1.Q3.A3,"No, the numbers/data are NOT measured from a sample group meant to represent a larger population.",,1,1,"{""case_numbers"": false, ""highlight"": true, ""version"": ""5"", ""require_highlight"": true}"
Evidence2022_01_27,97ed360dcb5a98832e3382d04ca83a5e8eb0a895ed9cd03f339633d67e2cc05c,346ede04-d661-464f-9822-38aa487af393,Evidence Specialist,"{""highlight"": true, ""version"": ""5"", ""hint_type"": """"}",ad05aa28-e72f-4c0e-8dc1-00392940f966,T1.Q3,Were the data created by observing some sample group meant to represent some larger population?,RADIO,,,ordinal,"{""version"": ""5"", ""alpha_distance"": ""ordinal"", ""require_one_or_more"": true, ""hint_type"": """"}",4,6ff95d28-eac9-481d-a64d-36f82cbfe350,T1.Q3.A4,"No, the numbers/data are collected from/about an entire group, not just a portion of the group.",,1,1,"{""case_numbers"": false, ""highlight"": true, ""version"": ""5"", ""require_highlight"": true}"
Evidence2022_01_27,97ed360dcb5a98832e3382d04ca83a5e8eb0a895ed9cd03f339633d67e2cc05c,346ede04-d661-464f-9822-38aa487af393,Evidence Specialist,"{""highlight"": true, ""version"": ""5"", ""hint_type"": """"}",7e3253b5-6b6a-4ad7-94d3-7bb695b42763,T1.Q4,"Does the sample group (i.e. the entities observed) seem to accurately represent the larger group? (For example: 2000 randomly selected Americans is a good sample to represent 'All Americans', BUT 20 people from one neighborhood is not a good sample for representing ‘All Americans.’)",RADIO,,,ordinal,"{""version"": ""5"", ""alpha_distance"": ""ordinal"", ""require_one_or_more"": true, ""hint_type"": """"}",6,61eeb71b-0e20-4e33-8dce-9e3b18ce8fc0,T1.Q4.A1,Yes,,1,1,"{""case_numbers"": false, ""highlight"": true, ""version"": ""5"", ""require_highlight"": true}"
Evidence2022_01_27,97ed360dcb5a98832e3382d04ca83a5e8eb0a895ed9cd03f339633d67e2cc05c,346ede04-d661-464f-9822-38aa487af393,Evidence Specialist,"{""highlight"": true, ""version"": ""5"", ""hint_type"": """"}",7e3253b5-6b6a-4ad7-94d3-7bb695b42763,T1.Q4,"Does the sample group (i.e. the entities observed) seem to accurately represent the larger group? (For example: 2000 randomly selected Americans is a good sample to represent 'All Americans', BUT 20 people from one neighborhood is not a good sample for representing ‘All Americans.’)",RADIO,,,ordinal,"{""version"": ""5"", ""alpha_distance"": ""ordinal"", ""require_one_or_more"": true, ""hint_type"": """"}",6,d0ad1f78-a651-410e-b24b-dc04f9072411,T1.Q4.A2,I think so,,1,1,"{""case_numbers"": false, ""highlight"": true, ""version"": ""5"", ""require_highlight"": true}"
Evidence2022_01_27,97ed360dcb5a98832e3382d04ca83a5e8eb0a895ed9cd03f339633d67e2cc05c,346ede04-d661-464f-9822-38aa487af393,Evidence Specialist,"{""highlight"": true, ""version"": ""5"", ""hint_type"": """"}",7e3253b5-6b6a-4ad7-94d3-7bb695b42763,T1.Q4,"Does the sample group (i.e. the entities observed) seem to accurately represent the larger group? (For example: 2000 randomly selected Americans is a good sample to represent 'All Americans', BUT 20 people from one neighborhood is not a good sample for representing ‘All Americans.’)",RADIO,,,ordinal,"{""version"": ""5"", ""alpha_distance"": ""ordinal"", ""require_one_or_more"": true, ""hint_type"": """"}",6,8faa96cf-3416-4eca-999d-3a8890fccd2f,T1.Q4.A3,Maybe,,1,1,"{""case_numbers"": false, ""highlight"": true, ""version"": ""5"", ""require_highlight"": true}"
Evidence2022_01_27,97ed360dcb5a98832e3382d04ca83a5e8eb0a895ed9cd03f339633d67e2cc05c,346ede04-d661-464f-9822-38aa487af393,Evidence Specialist,"{""highlight"": true, ""version"": ""5"", ""hint_type"": """"}",7e3253b5-6b6a-4ad7-94d3-7bb695b42763,T1.Q4,"Does the sample group (i.e. the entities observed) seem to accurately represent the larger group? (For example: 2000 randomly selected Americans is a good sample to represent 'All Americans', BUT 20 people from one neighborhood is not a good sample for representing ‘All Americans.’)",RADIO,,,ordinal,"{""version"": ""5"", ""alpha_distance"": ""ordinal"", ""require_one_or_more"": true, ""hint_type"": """"}",6,d57d2d0e-05d8-43d8-baa4-4db74d072a77,T1.Q4.A4,Probably not,,0,1,"{""case_numbers"": false, ""highlight"": false, ""version"": ""5"", ""require_highlight"": true}"
Evidence2022_01_27,97ed360dcb5a98832e3382d04ca83a5e8eb0a895ed9cd03f339633d67e2cc05c,346ede04-d661-464f-9822-38aa487af393,Evidence Specialist,"{""highlight"": true, ""version"": ""5"", ""hint_type"": """"}",7e3253b5-6b6a-4ad7-94d3-7bb695b42763,T1.Q4,"Does the sample group (i.e. the entities observed) seem to accurately represent the larger group? (For example: 2000 randomly selected Americans is a good sample to represent 'All Americans', BUT 20 people from one neighborhood is not a good sample for representing ‘All Americans.’)",RADIO,,,ordinal,"{""version"": ""5"", ""alpha_distance"": ""ordinal"", ""require_one_or_more"": true, ""hint_type"": """"}",6,81540fc1-dd30-469c-ab77-d28aaf6f3e4f,T1.Q4.A5,Not enough information,,0,1,"{""case_numbers"": false, ""highlight"": false, ""version"": ""5"", ""require_highlight"": true}"
Evidence2022_01_27,97ed360dcb5a98832e3382d04ca83a5e8eb0a895ed9cd03f339633d67e2cc05c,346ede04-d661-464f-9822-38aa487af393,Evidence Specialist,"{""highlight"": true, ""version"": ""5"", ""hint_type"": """"}",7e3253b5-6b6a-4ad7-94d3-7bb695b42763,T1.Q4,"Does the sample group (i.e. the entities observed) seem to accurately represent the larger group? (For example: 2000 randomly selected Americans is a good sample to represent 'All Americans', BUT 20 people from one neighborhood is not a good sample for representing ‘All Americans.’)",RADIO,,,ordinal,"{""version"": ""5"", ""alpha_distance"": ""ordinal"", ""require_one_or_more"": true, ""hint_type"": """"}",6,4ee4dd15-d2cc-4322-abd0-48bfc427ba62,T1.Q4.A6,No,,0,1,"{""case_numbers"": false, ""highlight"": false, ""version"": ""5"", ""require_highlight"": true}"
Evidence2022_01_27,97ed360dcb5a98832e3382d04ca83a5e8eb0a895ed9cd03f339633d67e2cc05c,346ede04-d661-464f-9822-38aa487af393,Evidence Specialist,"{""highlight"": true, ""version"": ""5"", ""hint_type"": """"}",6fb4e065-6510-4a77-8a00-b641f97c48fd,T1.Q5,"How likely is it that the evidence for the relationship was just a random blip? That is, if we got more data, how likely is it that we would see different results?",RADIO,,,ordinal,"{""version"": ""5"", ""alpha_distance"": ""ordinal"", ""require_one_or_more"": true, ""hint_type"": """"}",5,188d6d88-29c7-45b5-9ff5-8c30f33a4a52,T1.Q5.A1,Extremely likely this is just a random blip.,,0,1,"{""case_numbers"": false, ""highlight"": false, ""version"": ""5"", ""require_highlight"": true}"
Evidence2022_01_27,97ed360dcb5a98832e3382d04ca83a5e8eb0a895ed9cd03f339633d67e2cc05c,346ede04-d661-464f-9822-38aa487af393,Evidence Specialist,"{""highlight"": true, ""version"": ""5"", ""hint_type"": """"}",6fb4e065-6510-4a77-8a00-b641f97c48fd,T1.Q5,"How likely is it that the evidence for the relationship was just a random blip? That is, if we got more data, how likely is it that we would see different results?",RADIO,,,ordinal,"{""version"": ""5"", ""alpha_distance"": ""ordinal"", ""require_one_or_more"": true, ""hint_type"": """"}",5,e23911fd-1c4a-448f-9016-a6a590c4e7b3,T1.Q5.A2,Somewhat likely,,0,1,"{""case_numbers"": false, ""highlight"": false, ""version"": ""5"", ""require_highlight"": true}"
Evidence2022_01_27,97ed360dcb5a98832e3382d04ca83a5e8eb0a895ed9cd03f339633d67e2cc05c,346ede04-d661-464f-9822-38aa487af393,Evidence Specialist,"{""highlight"": true, ""version"": ""5"", ""hint_type"": """"}",6fb4e065-6510-4a77-8a00-b641f97c48fd,T1.Q5,"How likely is it that the evidence for the relationship was just a random blip? That is, if we got more data, how likely is it that we would see different results?",RADIO,,,ordinal,"{""version"": ""5"", ""alpha_distance"": ""ordinal"", ""require_one_or_more"": true, ""hint_type"": """"}",5,17e99a89-f078-417d-8dad-88266a6c2741,T1.Q5.A3,Neither likely nor unlikely,,0,1,"{""case_numbers"": false, ""highlight"": false, ""version"": ""5"", ""require_highlight"": true}"
Evidence2022_01_27,97ed360dcb5a98832e3382d04ca83a5e8eb0a895ed9cd03f339633d67e2cc05c,346ede04-d661-464f-9822-38aa487af393,Evidence Specialist,"{""highlight"": true, ""version"": ""5"", ""hint_type"": """"}",6fb4e065-6510-4a77-8a00-b641f97c48fd,T1.Q5,"How likely is it that the evidence for the relationship was just a random blip? That is, if we got more data, how likely is it that we would see different results?",RADIO,,,ordinal,"{""version"": ""5"", ""alpha_distance"": ""ordinal"", ""require_one_or_more"": true, ""hint_type"": """"}",5,79c4fe8b-957a-42c3-9237-c5075d0ee7f6,T1.Q5.A4,Somewhat unlikely,,0,1,"{""case_numbers"": false, ""highlight"": false, ""version"": ""5"", ""require_highlight"": true}"
Evidence2022_01_27,97ed360dcb5a98832e3382d04ca83a5e8eb0a895ed9cd03f339633d67e2cc05c,346ede04-d661-464f-9822-38aa487af393,Evidence Specialist,"{""highlight"": true, ""version"": ""5"", ""hint_type"": """"}",6fb4e065-6510-4a77-8a00-b641f97c48fd,T1.Q5,"How likely is it that the evidence for the relationship was just a random blip? That is, if we got more data, how likely is it that we would see different results?",RADIO,,,ordinal,"{""version"": ""5"", ""alpha_distance"": ""ordinal"", ""require_one_or_more"": true, ""hint_type"": """"}",5,04e8220d-4bdf-4d5b-9a69-295e4aa53570,T1.Q5.A5,Very unlikely this is just a random blip.,,0,1,"{""case_numbers"": false, ""highlight"": false, ""version"": ""5"", ""require_highlight"": true}"
Evidence2022_01_27,97ed360dcb5a98832e3382d04ca83a5e8eb0a895ed9cd03f339633d67e2cc05c,346ede04-d661-464f-9822-38aa487af393,Evidence Specialist,"{""highlight"": true, ""version"": ""5"", ""hint_type"": """"}",0717b191-a366-4944-b1b2-a4a803311ef8,T1.Q6,"Assuming that researchers are usually careful, how likely is it that the data or analysis are distorted?",RADIO,,,ordinal,"{""version"": ""5"", ""alpha_distance"": ""ordinal"", ""require_one_or_more"": true, ""hint_type"": """"}",5,51e518b4-07d4-41a1-a807-8cd944762526,T1.Q6.A1,Extremely Likely the data were gathered or analyzed incorrectly.,,0,1,"{""case_numbers"": false, ""highlight"": false, ""version"": ""5"", ""require_highlight"": true}"
Evidence2022_01_27,97ed360dcb5a98832e3382d04ca83a5e8eb0a895ed9cd03f339633d67e2cc05c,346ede04-d661-464f-9822-38aa487af393,Evidence Specialist,"{""highlight"": true, ""version"": ""5"", ""hint_type"": """"}",0717b191-a366-4944-b1b2-a4a803311ef8,T1.Q6,"Assuming that researchers are usually careful, how likely is it that the data or analysis are distorted?",RADIO,,,ordinal,"{""version"": ""5"", ""alpha_distance"": ""ordinal"", ""require_one_or_more"": true, ""hint_type"": """"}",5,5015116b-e51f-4573-99a4-0cb25fe47709,T1.Q6.A2,Somewhat Likely,,0,1,"{""case_numbers"": false, ""highlight"": false, ""version"": ""5"", ""require_highlight"": true}"
Evidence2022_01_27,97ed360dcb5a98832e3382d04ca83a5e8eb0a895ed9cd03f339633d67e2cc05c,346ede04-d661-464f-9822-38aa487af393,Evidence Specialist,"{""highlight"": true, ""version"": ""5"", ""hint_type"": """"}",0717b191-a366-4944-b1b2-a4a803311ef8,T1.Q6,"Assuming that researchers are usually careful, how likely is it that the data or analysis are distorted?",RADIO,,,ordinal,"{""version"": ""5"", ""alpha_distance"": ""ordinal"", ""require_one_or_more"": true, ""hint_type"": """"}",5,6fd9a409-77c5-4a15-a5f9-fadf1fc7f831,T1.Q6.A3,Not Sure,,0,1,"{""case_numbers"": false, ""highlight"": false, ""version"": ""5"", ""require_highlight"": true}"
Evidence2022_01_27,97ed360dcb5a98832e3382d04ca83a5e8eb0a895ed9cd03f339633d67e2cc05c,346ede04-d661-464f-9822-38aa487af393,Evidence Specialist,"{""highlight"": true, ""version"": ""5"", ""hint_type"": """"}",0717b191-a366-4944-b1b2-a4a803311ef8,T1.Q6,"Assuming that researchers are usually careful, how likely is it that the data or analysis are distorted?",RADIO,,,ordinal,"{""version"": ""5"", ""alpha_distance"": ""ordinal"", ""require_one_or_more"": true, ""hint_type"": """"}",5,0a8c3fa6-abc8-44a3-a3bb-e6d7c5a26e65,T1.Q6.A4,Somewhat Unlikely,,0,1,"{""case_numbers"": false, ""highlight"": false, ""version"": ""5"", ""require_highlight"": true}"
Evidence2022_01_27,97ed360dcb5a98832e3382d04ca83a5e8eb0a895ed9cd03f339633d67e2cc05c,346ede04-d661-464f-9822-38aa487af393,Evidence Specialist,"{""highlight"": true, ""version"": ""5"", ""hint_type"": """"}",0717b191-a366-4944-b1b2-a4a803311ef8,T1.Q6,"Assuming that researchers are usually careful, how likely is it that the data or analysis are distorted?",RADIO,,,ordinal,"{""version"": ""5"", ""alpha_distance"": ""ordinal"", ""require_one_or_more"": true, ""hint_type"": """"}",5,3791e4a3-30f9-4033-8885-c0d4375c3a12,T1.Q6.A5,Very Unlikely the data were gathered or analyzed incorrectly.,,0,1,"{""case_numbers"": false, ""highlight"": false, ""version"": ""5"", ""require_highlight"": true}"
Evidence2022_01_27,97ed360dcb5a98832e3382d04ca83a5e8eb0a895ed9cd03f339633d67e2cc05c,346ede04-d661-464f-9822-38aa487af393,Evidence Specialist,"{""highlight"": true, ""version"": ""5"", ""hint_type"": """"}",021c3f74-3763-49c0-b307-1f4554bc3f7a,T1.Q7,"Does the evidence appearing in bold font result from an experiment? That is, was something changed (an “intervention” or “treatment”) to observe the effect?",RADIO,,,nominal,"{""version"": ""5"", ""alpha_distance"": ""nominal"", ""require_one_or_more"": true, ""hint_type"": """"}",3,737b6d8f-2638-42a0-8ff8-1f4637b9c0f1,T1.Q7.A1,"Yes, scientists intentionally made some intervention (X) to observe its effects (Y). (e.g. Some people were given a medicine (X) & its effect on their health (Y) was observed; or some people were showed a video (X) & its effects on their beliefs (Y) was observed; or, some beakers of water were mixed with a chemical (X) to see how the water's color (Y) was effected; etc.)",T1.Q8,1,1,"{""case_numbers"": false, ""highlight"": true, ""version"": ""5"", ""require_highlight"": true}"
Evidence2022_01_27,97ed360dcb5a98832e3382d04ca83a5e8eb0a895ed9cd03f339633d67e2cc05c,346ede04-d661-464f-9822-38aa487af393,Evidence Specialist,"{""highlight"": true, ""version"": ""5"", ""hint_type"": """"}",021c3f74-3763-49c0-b307-1f4554bc3f7a,T1.Q7,"Does the evidence appearing in bold font result from an experiment? That is, was something changed (an “intervention” or “treatment”) to observe the effect?",RADIO,,,nominal,"{""version"": ""5"", ""alpha_distance"": ""nominal"", ""require_one_or_more"": true, ""hint_type"": """"}",3,36317c89-fd43-434f-b3e3-6eece8fd9377,T1.Q7.A2,It was a 'Natural Experiment.'' Researchers observed the effects of some change/intervention/treatment that occurred in the world without the researchers creating the intervention. (e.g. Scientists observed areas that experienced flooding (X) to see how the flooding effected crop harvests (Y).),T1.Q8,1,1,"{""case_numbers"": false, ""highlight"": true, ""version"": ""5"", ""require_highlight"": true}"
Evidence2022_01_27,97ed360dcb5a98832e3382d04ca83a5e8eb0a895ed9cd03f339633d67e2cc05c,346ede04-d661-464f-9822-38aa487af393,Evidence Specialist,"{""highlight"": true, ""version"": ""5"", ""hint_type"": """"}",021c3f74-3763-49c0-b307-1f4554bc3f7a,T1.Q7,"Does the evidence appearing in bold font result from an experiment? That is, was something changed (an “intervention” or “treatment”) to observe the effect?",RADIO,,,nominal,"{""version"": ""5"", ""alpha_distance"": ""nominal"", ""require_one_or_more"": true, ""hint_type"": """"}",3,d9e78374-1540-4a11-9d18-e0e860de12b1,T1.Q7.A3,"No, the evidence is not about any intervention/change/treatment observed by researchers. (The evidence represents the results from e.g. an opinion poll; or a simple measurement of the heights of objects; etc.)",,0,1,"{""case_numbers"": false, ""highlight"": false, ""version"": ""5"", ""require_highlight"": true}"
Evidence2022_01_27,97ed360dcb5a98832e3382d04ca83a5e8eb0a895ed9cd03f339633d67e2cc05c,346ede04-d661-464f-9822-38aa487af393,Evidence Specialist,"{""highlight"": true, ""version"": ""5"", ""hint_type"": """"}",35ecdf92-e2c1-44e4-a674-cb8cf82f37e0,T1.Q8,Which of the features of a randomized controlled experiment were present?,CHECKBOX,,,nominal,"{""version"": ""5"", ""alpha_distance"": ""nominal"", ""require_one_or_more"": true, ""hint_type"": """"}",4,2c1c8fc4-b86d-4a9d-a772-b6be47335ea0,T1.Q8.A1,"‘Control Group’ – A portion of the experimental subjects (people, animals, beakers of water, etc.) did NOT experience the intervention/treatment.",,1,1,"{""case_numbers"": false, ""highlight"": true, ""version"": ""5"", ""require_highlight"": true}"
Evidence2022_01_27,97ed360dcb5a98832e3382d04ca83a5e8eb0a895ed9cd03f339633d67e2cc05c,346ede04-d661-464f-9822-38aa487af393,Evidence Specialist,"{""highlight"": true, ""version"": ""5"", ""hint_type"": """"}",35ecdf92-e2c1-44e4-a674-cb8cf82f37e0,T1.Q8,Which of the features of a randomized controlled experiment were present?,CHECKBOX,,,nominal,"{""version"": ""5"", ""alpha_distance"": ""nominal"", ""require_one_or_more"": true, ""hint_type"": """"}",4,dc4a7d3f-0cab-447a-bd79-157fcb74c199,T1.Q8.A2,‘Randomized Assignment of Subjects’ – The Intervention Group(s) and Control Group are similar to each other in every way except that the ‘Control Group’ did not receive the intervention/treatment.,,1,1,"{""case_numbers"": false, ""highlight"": true, ""version"": ""5"", ""require_highlight"": true}"
Evidence2022_01_27,97ed360dcb5a98832e3382d04ca83a5e8eb0a895ed9cd03f339633d67e2cc05c,346ede04-d661-464f-9822-38aa487af393,Evidence Specialist,"{""highlight"": true, ""version"": ""5"", ""hint_type"": """"}",35ecdf92-e2c1-44e4-a674-cb8cf82f37e0,T1.Q8,Which of the features of a randomized controlled experiment were present?,CHECKBOX,,,nominal,"{""version"": ""5"", ""alpha_distance"": ""nominal"", ""require_one_or_more"": true, ""hint_type"": """"}",4,be8b1ec8-fdbb-45b0-b191-dcbf9d5ad505,T1.Q8.A3,Can’t tell; not enough information,,0,1,"{""case_numbers"": false, ""highlight"": false, ""version"": ""5"", ""require_highlight"": true}"
Evidence2022_01_27,97ed360dcb5a98832e3382d04ca83a5e8eb0a895ed9cd03f339633d67e2cc05c,346ede04-d661-464f-9822-38aa487af393,Evidence Specialist,"{""highlight"": true, ""version"": ""5"", ""hint_type"": """"}",35ecdf92-e2c1-44e4-a674-cb8cf82f37e0,T1.Q8,Which of the features of a randomized controlled experiment were present?,CHECKBOX,,,nominal,"{""version"": ""5"", ""alpha_distance"": ""nominal"", ""require_one_or_more"": true, ""hint_type"": """"}",4,e2299ff5-d6c0-440f-94bd-58318ec58b9a,T1.Q8.A4,Neither ‘Control Group’ nor ‘Randomized Assignment of Subjects’,,0,1,"{""case_numbers"": false, ""highlight"": false, ""version"": ""5"", ""require_highlight"": true}"
Evidence2022_01_27,97ed360dcb5a98832e3382d04ca83a5e8eb0a895ed9cd03f339633d67e2cc05c,346ede04-d661-464f-9822-38aa487af393,Evidence Specialist,"{""highlight"": true, ""version"": ""5"", ""hint_type"": """"}",ef6035de-63bd-433f-8719-8a052ebc2ef4,T1.Q9,Is the evidence in bold font meant to support a claim that one thing/event caused or causes some other thing/event? (We call this a 'causal claim'.),RADIO,,,ordinal,"{""version"": ""5"", ""alpha_distance"": ""ordinal"", ""require_one_or_more"": true, ""hint_type"": """"}",3,3d0c1196-885b-4ef0-8635-633986631332,T1.Q9.A1,No. There is not a causal claim in the article supported by this evidence.,,0,1,"{""case_numbers"": false, ""highlight"": false, ""version"": ""5"", ""require_highlight"": true}"
Evidence2022_01_27,97ed360dcb5a98832e3382d04ca83a5e8eb0a895ed9cd03f339633d67e2cc05c,346ede04-d661-464f-9822-38aa487af393,Evidence Specialist,"{""highlight"": true, ""version"": ""5"", ""hint_type"": """"}",ef6035de-63bd-433f-8719-8a052ebc2ef4,T1.Q9,Is the evidence in bold font meant to support a claim that one thing/event caused or causes some other thing/event? (We call this a 'causal claim'.),RADIO,,,ordinal,"{""version"": ""5"", ""alpha_distance"": ""ordinal"", ""require_one_or_more"": true, ""hint_type"": """"}",3,81f1cd70-e9b1-4dea-9f63-27ead646935c,T1.Q9.A2,Somewhat. It is at least implied that the evidence supports a causal claim.,T1.Q10,0,1,"{""case_numbers"": false, ""highlight"": false, ""version"": ""5"", ""require_highlight"": true}"
Evidence2022_01_27,97ed360dcb5a98832e3382d04ca83a5e8eb0a895ed9cd03f339633d67e2cc05c,346ede04-d661-464f-9822-38aa487af393,Evidence Specialist,"{""highlight"": true, ""version"": ""5"", ""hint_type"": """"}",ef6035de-63bd-433f-8719-8a052ebc2ef4,T1.Q9,Is the evidence in bold font meant to support a claim that one thing/event caused or causes some other thing/event? (We call this a 'causal claim'.),RADIO,,,ordinal,"{""version"": ""5"", ""alpha_distance"": ""ordinal"", ""require_one_or_more"": true, ""hint_type"": """"}",3,1d891fc2-7d4f-4d07-a8ee-49c4b4399cbb,T1.Q9.A3,"Yes, this evidence is being used to support a causal claim.",T1.Q10,0,1,"{""case_numbers"": false, ""highlight"": false, ""version"": ""5"", ""require_highlight"": true}"
Evidence2022_01_27,97ed360dcb5a98832e3382d04ca83a5e8eb0a895ed9cd03f339633d67e2cc05c,346ede04-d661-464f-9822-38aa487af393,Evidence Specialist,"{""highlight"": true, ""version"": ""5"", ""hint_type"": """"}",3cdf713b-d96e-4fd7-94a4-3e0bce573269,T1.Q10,Is the causal claim about one single situation or a general pattern? (Scientists call these 'singular' and general causal claims. Example_singular: Smoking caused Ed's lung cancer. Example_general: Smoking causes lung cancer.),CHECKBOX,,,nominal,"{""version"": ""5"", ""alpha_distance"": ""nominal"", ""require_one_or_more"": true, ""hint_type"": """"}",3,a18ae39e-74d9-4981-ab34-6bb8a71dc698,T1.Q10.A1,"General Causation (In general, X causes Y.)",T1.Q11,1,1,"{""case_numbers"": false, ""highlight"": true, ""version"": ""5"", ""require_highlight"": true}"
Evidence2022_01_27,97ed360dcb5a98832e3382d04ca83a5e8eb0a895ed9cd03f339633d67e2cc05c,346ede04-d661-464f-9822-38aa487af393,Evidence Specialist,"{""highlight"": true, ""version"": ""5"", ""hint_type"": """"}",3cdf713b-d96e-4fd7-94a4-3e0bce573269,T1.Q10,Is the causal claim about one single situation or a general pattern? (Scientists call these 'singular' and general causal claims. Example_singular: Smoking caused Ed's lung cancer. Example_general: Smoking causes lung cancer.),CHECKBOX,,,nominal,"{""version"": ""5"", ""alpha_distance"": ""nominal"", ""require_one_or_more"": true, ""hint_type"": """"}",3,63b51283-4550-4272-9567-2f3854a8e99a,T1.Q10.A2,"Singular Causation (In this particular case, A has caused/is causing B)",,1,1,"{""case_numbers"": false, ""highlight"": true, ""version"": ""5"", ""require_highlight"": true}"
Evidence2022_01_27,97ed360dcb5a98832e3382d04ca83a5e8eb0a895ed9cd03f339633d67e2cc05c,346ede04-d661-464f-9822-38aa487af393,Evidence Specialist,"{""highlight"": true, ""version"": ""5"", ""hint_type"": """"}",3cdf713b-d96e-4fd7-94a4-3e0bce573269,T1.Q10,Is the causal claim about one single situation or a general pattern? (Scientists call these 'singular' and general causal claims. Example_singular: Smoking caused Ed's lung cancer. Example_general: Smoking causes lung cancer.),CHECKBOX,,,nominal,"{""version"": ""5"", ""alpha_distance"": ""nominal"", ""require_one_or_more"": true, ""hint_type"": """"}",3,69e36bce-f126-4a4d-8905-55456ef7555a,T1.Q10.A3,No causal claim is made,,0,1,"{""case_numbers"": false, ""highlight"": false, ""version"": ""5"", ""require_highlight"": true}"
Evidence2022_01_27,97ed360dcb5a98832e3382d04ca83a5e8eb0a895ed9cd03f339633d67e2cc05c,346ede04-d661-464f-9822-38aa487af393,Evidence Specialist,"{""highlight"": true, ""version"": ""5"", ""hint_type"": """"}",1d13d1cf-fc96-411b-af75-ee60dc83be70,T1.Q11,What evidence is given for the causal claim? Select all that apply. Please click the help icons (blue question marks) for more information that will help you accurately answer these questions!,CHECKBOX,,,nominal,"{""version"": ""5"", ""alpha_distance"": ""nominal"", ""require_one_or_more"": true, ""hint_type"": """"}",10,a3123571-0298-4565-b112-48c882718245,T1.Q11.A1,Correlation – one variable changes when the other variable changes,,1,1,"{""case_numbers"": false, ""highlight"": true, ""version"": ""5"", ""require_highlight"": true}"
Evidence2022_01_27,97ed360dcb5a98832e3382d04ca83a5e8eb0a895ed9cd03f339633d67e2cc05c,346ede04-d661-464f-9822-38aa487af393,Evidence Specialist,"{""highlight"": true, ""version"": ""5"", ""hint_type"": """"}",1d13d1cf-fc96-411b-af75-ee60dc83be70,T1.Q11,What evidence is given for the causal claim? Select all that apply. Please click the help icons (blue question marks) for more information that will help you accurately answer these questions!,CHECKBOX,,,nominal,"{""version"": ""5"", ""alpha_distance"": ""nominal"", ""require_one_or_more"": true, ""hint_type"": """"}",10,607f0f74-3953-44b6-8dcf-f4901d64ab0e,T1.Q11.A2,Cause precedes effect – the ‘effect’ variable is observed to change AFTER the ‘cause’ variable changes,,1,1,"{""case_numbers"": false, ""highlight"": true, ""version"": ""5"", ""require_highlight"": true}"
Evidence2022_01_27,97ed360dcb5a98832e3382d04ca83a5e8eb0a895ed9cd03f339633d67e2cc05c,346ede04-d661-464f-9822-38aa487af393,Evidence Specialist,"{""highlight"": true, ""version"": ""5"", ""hint_type"": """"}",1d13d1cf-fc96-411b-af75-ee60dc83be70,T1.Q11,What evidence is given for the causal claim? Select all that apply. Please click the help icons (blue question marks) for more information that will help you accurately answer these questions!,CHECKBOX,,,nominal,"{""version"": ""5"", ""alpha_distance"": ""nominal"", ""require_one_or_more"": true, ""hint_type"": """"}",10,fe87ea4e-a231-431f-a5a2-d1012c092fbf,T1.Q11.A3,The correlation appears across multiple independent contexts,,1,1,"{""case_numbers"": false, ""highlight"": true, ""version"": ""5"", ""require_highlight"": true}"
Evidence2022_01_27,97ed360dcb5a98832e3382d04ca83a5e8eb0a895ed9cd03f339633d67e2cc05c,346ede04-d661-464f-9822-38aa487af393,Evidence Specialist,"{""highlight"": true, ""version"": ""5"", ""hint_type"": """"}",1d13d1cf-fc96-411b-af75-ee60dc83be70,T1.Q11,What evidence is given for the causal claim? Select all that apply. Please click the help icons (blue question marks) for more information that will help you accurately answer these questions!,CHECKBOX,,,nominal,"{""version"": ""5"", ""alpha_distance"": ""nominal"", ""require_one_or_more"": true, ""hint_type"": """"}",10,473d88c1-9cf4-4294-bbf3-21b88ab36d8b,T1.Q11.A4,A plausible mechanism is proposed or implied,,1,1,"{""case_numbers"": false, ""highlight"": true, ""version"": ""5"", ""require_highlight"": true}"
Evidence2022_01_27,97ed360dcb5a98832e3382d04ca83a5e8eb0a895ed9cd03f339633d67e2cc05c,346ede04-d661-464f-9822-38aa487af393,Evidence Specialist,"{""highlight"": true, ""version"": ""5"", ""hint_type"": """"}",1d13d1cf-fc96-411b-af75-ee60dc83be70,T1.Q11,What evidence is given for the causal claim? Select all that apply. Please click the help icons (blue question marks) for more information that will help you accurately answer these questions!,CHECKBOX,,,nominal,"{""version"": ""5"", ""alpha_distance"": ""nominal"", ""require_one_or_more"": true, ""hint_type"": """"}",10,edd1f800-5193-481e-b68d-a506ff0ad9dd,T1.Q11.A5,An experimental study was conducted (natural experiments OK),,1,1,"{""case_numbers"": false, ""highlight"": true, ""version"": ""5"", ""require_highlight"": true}"
Evidence2022_01_27,97ed360dcb5a98832e3382d04ca83a5e8eb0a895ed9cd03f339633d67e2cc05c,346ede04-d661-464f-9822-38aa487af393,Evidence Specialist,"{""highlight"": true, ""version"": ""5"", ""hint_type"": """"}",1d13d1cf-fc96-411b-af75-ee60dc83be70,T1.Q11,What evidence is given for the causal claim? Select all that apply. Please click the help icons (blue question marks) for more information that will help you accurately answer these questions!,CHECKBOX,,,nominal,"{""version"": ""5"", ""alpha_distance"": ""nominal"", ""require_one_or_more"": true, ""hint_type"": """"}",10,6b232e71-ee1b-4ee8-85ae-37f84b5f8c9a,T1.Q11.A6,There is a clear dose-response curve (i.e. more of the ‘cause’ produces more of the ‘effect’),,1,1,"{""case_numbers"": false, ""highlight"": true, ""version"": ""5"", ""require_highlight"": true}"
Evidence2022_01_27,97ed360dcb5a98832e3382d04ca83a5e8eb0a895ed9cd03f339633d67e2cc05c,346ede04-d661-464f-9822-38aa487af393,Evidence Specialist,"{""highlight"": true, ""version"": ""5"", ""hint_type"": """"}",1d13d1cf-fc96-411b-af75-ee60dc83be70,T1.Q11,What evidence is given for the causal claim? Select all that apply. Please click the help icons (blue question marks) for more information that will help you accurately answer these questions!,CHECKBOX,,,nominal,"{""version"": ""5"", ""alpha_distance"": ""nominal"", ""require_one_or_more"": true, ""hint_type"": """"}",10,51d6f2ee-d12a-4669-abe1-72fd91c20c50,T1.Q11.A7,Experts are cited,,1,1,"{""case_numbers"": false, ""highlight"": true, ""version"": ""5"", ""require_highlight"": true}"
Evidence2022_01_27,97ed360dcb5a98832e3382d04ca83a5e8eb0a895ed9cd03f339633d67e2cc05c,346ede04-d661-464f-9822-38aa487af393,Evidence Specialist,"{""highlight"": true, ""version"": ""5"", ""hint_type"": """"}",1d13d1cf-fc96-411b-af75-ee60dc83be70,T1.Q11,What evidence is given for the causal claim? Select all that apply. Please click the help icons (blue question marks) for more information that will help you accurately answer these questions!,CHECKBOX,,,nominal,"{""version"": ""5"", ""alpha_distance"": ""nominal"", ""require_one_or_more"": true, ""hint_type"": """"}",10,df8093c5-acf4-4f34-8b9c-9ecd819d7341,T1.Q11.A8,Other evidence,T1.Q12,1,1,"{""case_numbers"": false, ""highlight"": true, ""version"": ""5"", ""require_highlight"": true}"
Evidence2022_01_27,97ed360dcb5a98832e3382d04ca83a5e8eb0a895ed9cd03f339633d67e2cc05c,346ede04-d661-464f-9822-38aa487af393,Evidence Specialist,"{""highlight"": true, ""version"": ""5"", ""hint_type"": """"}",1d13d1cf-fc96-411b-af75-ee60dc83be70,T1.Q11,What evidence is given for the causal claim? Select all that apply. Please click the help icons (blue question marks) for more information that will help you accurately answer these questions!,CHECKBOX,,,nominal,"{""version"": ""5"", ""alpha_distance"": ""nominal"", ""require_one_or_more"": true, ""hint_type"": """"}",10,9d408ff7-78d1-46b5-b249-cef0f306ff40,T1.Q11.A9,No evidence given,,0,1,"{""case_numbers"": false, ""highlight"": false, ""version"": ""5"", ""require_highlight"": true}"
Evidence2022_01_27,97ed360dcb5a98832e3382d04ca83a5e8eb0a895ed9cd03f339633d67e2cc05c,346ede04-d661-464f-9822-38aa487af393,Evidence Specialist,"{""highlight"": true, ""version"": ""5"", ""hint_type"": """"}",1d13d1cf-fc96-411b-af75-ee60dc83be70,T1.Q11,What evidence is given for the causal claim? Select all that apply. Please click the help icons (blue question marks) for more information that will help you accurately answer these questions!,CHECKBOX,,,nominal,"{""version"": ""5"", ""alpha_distance"": ""nominal"", ""require_one_or_more"": true, ""hint_type"": """"}",10,193e6e7c-eb47-4ce9-a517-6bd0dc50139c,T1.Q11.A10,"WEAK CAUSAL EVIDENCE – Considering your answers above, mark this option if you think the causal evidence is generally weak.",,0,1,"{""case_numbers"": false, ""highlight"": false, ""version"": ""5"", ""require_highlight"": true}"
Evidence2022_01_27,97ed360dcb5a98832e3382d04ca83a5e8eb0a895ed9cd03f339633d67e2cc05c,346ede04-d661-464f-9822-38aa487af393,Evidence Specialist,"{""highlight"": true, ""version"": ""5"", ""hint_type"": """"}",1e340693-4047-45d2-9787-92e8e8c5af08,T1.Q12,What other evidence is given to support the causal claim?,TEXT,,,nominal,"{""version"": ""5"", ""alpha_distance"": ""nominal"", ""require_one_or_more"": true, ""hint_type"": """"}",1,fdc53001-74f3-4612-bcc4-7d2d68ed057a,T1.Q12.A1,placeholder answer for TEXT,,0,1,"{""case_numbers"": false, ""highlight"": false, ""version"": ""5"", ""require_highlight"": true}"
Evidence2022_01_27,97ed360dcb5a98832e3382d04ca83a5e8eb0a895ed9cd03f339633d67e2cc05c,346ede04-d661-464f-9822-38aa487af393,Evidence Specialist,"{""highlight"": true, ""version"": ""5"", ""hint_type"": """"}",badd1b57-b989-431c-9be0-f113ac41e6b3,T1.Q13,Does the passage suggest in any way that further evidence might improve our understanding of the topics discussed?,RADIO,,,ordinal,"{""version"": ""5"", ""alpha_distance"": ""ordinal"", ""require_one_or_more"": true, ""hint_type"": """"}",4,48775512-6eb4-4d63-b92a-0f404a8d4b56,T1.Q13.A1,"Yes, explicitly",,1,1,"{""case_numbers"": false, ""highlight"": true, ""version"": ""5"", ""require_highlight"": true}"
Evidence2022_01_27,97ed360dcb5a98832e3382d04ca83a5e8eb0a895ed9cd03f339633d67e2cc05c,346ede04-d661-464f-9822-38aa487af393,Evidence Specialist,"{""highlight"": true, ""version"": ""5"", ""hint_type"": """"}",badd1b57-b989-431c-9be0-f113ac41e6b3,T1.Q13,Does the passage suggest in any way that further evidence might improve our understanding of the topics discussed?,RADIO,,,ordinal,"{""version"": ""5"", ""alpha_distance"": ""ordinal"", ""require_one_or_more"": true, ""hint_type"": """"}",4,3eb2a1b3-5942-4678-889e-2471bddd9d2c,T1.Q13.A2,"Yes, implicitly",,1,1,"{""case_numbers"": false, ""highlight"": true, ""version"": ""5"", ""require_highlight"": true}"
Evidence2022_01_27,97ed360dcb5a98832e3382d04ca83a5e8eb0a895ed9cd03f339633d67e2cc05c,346ede04-d661-464f-9822-38aa487af393,Evidence Specialist,"{""highlight"": true, ""version"": ""5"", ""hint_type"": """"}",badd1b57-b989-431c-9be0-f113ac41e6b3,T1.Q13,Does the passage suggest in any way that further evidence might improve our understanding of the topics discussed?,RADIO,,,ordinal,"{""version"": ""5"", ""alpha_distance"": ""ordinal"", ""require_one_or_more"": true, ""hint_type"": """"}",4,e99ada76-25a3-4c25-9bbc-e51a8028b5f5,T1.Q13.A3,I can't tell,,0,1,"{""case_numbers"": false, ""highlight"": false, ""version"": ""5"", ""require_highlight"": true}"
Evidence2022_01_27,97ed360dcb5a98832e3382d04ca83a5e8eb0a895ed9cd03f339633d67e2cc05c,346ede04-d661-464f-9822-38aa487af393,Evidence Specialist,"{""highlight"": true, ""version"": ""5"", ""hint_type"": """"}",badd1b57-b989-431c-9be0-f113ac41e6b3,T1.Q13,Does the passage suggest in any way that further evidence might improve our understanding of the topics discussed?,RADIO,,,ordinal,"{""version"": ""5"", ""alpha_distance"": ""ordinal"", ""require_one_or_more"": true, ""hint_type"": """"}",4,88db645b-1ad6-4ec3-b0aa-afaeb6cd59c0,T1.Q13.A4,"No, not at all",,0,1,"{""case_numbers"": false, ""highlight"": false, ""version"": ""5"", ""require_highlight"": true}"
Evidence2022_01_27,97ed360dcb5a98832e3382d04ca83a5e8eb0a895ed9cd03f339633d67e2cc05c,346ede04-d661-464f-9822-38aa487af393,Evidence Specialist,"{""highlight"": true, ""version"": ""5"", ""hint_type"": """"}",8bce0c28-fced-4730-9700-9873b5189435,T1.Q14,What is the best alternative explanation you can think of that could lead to the same set of evidence?,TEXT,,,nominal,"{""version"": ""5"", ""alpha_distance"": ""nominal"", ""require_one_or_more"": true, ""hint_type"": """"}",1,1c50b743-dc3c-4bcd-b87a-f890225351e6,T1.Q14.A1,placeholder answer for TEXT,,0,1,"{""case_numbers"": false, ""highlight"": false, ""version"": ""5"", ""require_highlight"": true}"
Evidence2022_01_27,97ed360dcb5a98832e3382d04ca83a5e8eb0a895ed9cd03f339633d67e2cc05c,346ede04-d661-464f-9822-38aa487af393,Evidence Specialist,"{""highlight"": true, ""version"": ""5"", ""hint_type"": """"}",20085072-0839-4769-8ce7-d44198e6b040,T1.Q15,"How likely is your alternative explanation for the same evidence, as compared to the author’s explanation?",RADIO,,,ordinal,"{""version"": ""5"", ""alpha_distance"": ""ordinal"", ""require_one_or_more"": true, ""hint_type"": """"}",5,2ca7c7ff-abc7-4901-a065-1d478ed4f107,T1.Q15.A1,Much more likely than the author’s,,0,1,"{""case_numbers"": false, ""highlight"": false, ""version"": ""5"", ""require_highlight"": true}"
Evidence2022_01_27,97ed360dcb5a98832e3382d04ca83a5e8eb0a895ed9cd03f339633d67e2cc05c,346ede04-d661-464f-9822-38aa487af393,Evidence Specialist,"{""highlight"": true, ""version"": ""5"", ""hint_type"": """"}",20085072-0839-4769-8ce7-d44198e6b040,T1.Q15,"How likely is your alternative explanation for the same evidence, as compared to the author’s explanation?",RADIO,,,ordinal,"{""version"": ""5"", ""alpha_distance"": ""ordinal"", ""require_one_or_more"": true, ""hint_type"": """"}",5,0318a6bd-48e1-4c40-905f-447ff4a3cc71,T1.Q15.A2,Somewhat more likely,,0,1,"{""case_numbers"": false, ""highlight"": false, ""version"": ""5"", ""require_highlight"": true}"
Evidence2022_01_27,97ed360dcb5a98832e3382d04ca83a5e8eb0a895ed9cd03f339633d67e2cc05c,346ede04-d661-464f-9822-38aa487af393,Evidence Specialist,"{""highlight"": true, ""version"": ""5"", ""hint_type"": """"}",20085072-0839-4769-8ce7-d44198e6b040,T1.Q15,"How likely is your alternative explanation for the same evidence, as compared to the author’s explanation?",RADIO,,,ordinal,"{""version"": ""5"", ""alpha_distance"": ""ordinal"", ""require_one_or_more"": true, ""hint_type"": """"}",5,1dbe25bd-f1bc-4cff-b4c9-e05f8350c9c7,T1.Q15.A3,Equally likely,,0,1,"{""case_numbers"": false, ""highlight"": false, ""version"": ""5"", ""require_highlight"": true}"
Evidence2022_01_27,97ed360dcb5a98832e3382d04ca83a5e8eb0a895ed9cd03f339633d67e2cc05c,346ede04-d661-464f-9822-38aa487af393,Evidence Specialist,"{""highlight"": true, ""version"": ""5"", ""hint_type"": """"}",20085072-0839-4769-8ce7-d44198e6b040,T1.Q15,"How likely is your alternative explanation for the same evidence, as compared to the author’s explanation?",RADIO,,,ordinal,"{""version"": ""5"", ""alpha_distance"": ""ordinal"", ""require_one_or_more"": true, ""hint_type"": """"}",5,83782ccc-531f-4512-911d-c9ab97aabca5,T1.Q15.A4,Somewhat less likely,,0,1,"{""case_numbers"": false, ""highlight"": false, ""version"": ""5"", ""require_highlight"": true}"
Evidence2022_01_27,97ed360dcb5a98832e3382d04ca83a5e8eb0a895ed9cd03f339633d67e2cc05c,346ede04-d661-464f-9822-38aa487af393,Evidence Specialist,"{""highlight"": true, ""version"": ""5"", ""hint_type"": """"}",20085072-0839-4769-8ce7-d44198e6b040,T1.Q15,"How likely is your alternative explanation for the same evidence, as compared to the author’s explanation?",RADIO,,,ordinal,"{""version"": ""5"", ""alpha_distance"": ""ordinal"", ""require_one_or_more"": true, ""hint_type"": """"}",5,3e962f18-be66-4f87-87be-285c4b9f5a52,T1.Q15.A5,Much less likely than the author's,,0,1,"{""case_numbers"": false, ""highlight"": false, ""version"": ""5"", ""require_highlight"": true}"
Evidence2022_01_27,97ed360dcb5a98832e3382d04ca83a5e8eb0a895ed9cd03f339633d67e2cc05c,346ede04-d661-464f-9822-38aa487af393,Evidence Specialist,"{""highlight"": true, ""version"": ""5"", ""hint_type"": """"}",a39580c9-42f0-4ef3-9367-0b58a096589a,T1.Q16,"How difficult was this task for you, on the whole?",RADIO,,,ordinal,"{""version"": ""5"", ""alpha_distance"": ""ordinal"", ""require_one_or_more"": true, ""hint_type"": """"}",7,ab8a1fa7-8913-4f12-a94b-58f617fef77b,T1.Q16.A1,1: Easiest thing I've ever done in a learning situation,,0,1,"{""case_numbers"": false, ""highlight"": false, ""version"": ""5"", ""require_highlight"": true}"
Evidence2022_01_27,97ed360dcb5a98832e3382d04ca83a5e8eb0a895ed9cd03f339633d67e2cc05c,346ede04-d661-464f-9822-38aa487af393,Evidence Specialist,"{""highlight"": true, ""version"": ""5"", ""hint_type"": """"}",a39580c9-42f0-4ef3-9367-0b58a096589a,T1.Q16,"How difficult was this task for you, on the whole?",RADIO,,,ordinal,"{""version"": ""5"", ""alpha_distance"": ""ordinal"", ""require_one_or_more"": true, ""hint_type"": """"}",7,6dce940a-115e-4d80-8605-7a9d7bf22648,T1.Q16.A2,2,,0,1,"{""case_numbers"": false, ""highlight"": false, ""version"": ""5"", ""require_highlight"": true}"
Evidence2022_01_27,97ed360dcb5a98832e3382d04ca83a5e8eb0a895ed9cd03f339633d67e2cc05c,346ede04-d661-464f-9822-38aa487af393,Evidence Specialist,"{""highlight"": true, ""version"": ""5"", ""hint_type"": """"}",a39580c9-42f0-4ef3-9367-0b58a096589a,T1.Q16,"How difficult was this task for you, on the whole?",RADIO,,,ordinal,"{""version"": ""5"", ""alpha_distance"": ""ordinal"", ""require_one_or_more"": true, ""hint_type"": """"}",7,7cc1ae06-98ad-4720-ad1e-64e504936491,T1.Q16.A3,3,,0,1,"{""case_numbers"": false, ""highlight"": false, ""version"": ""5"", ""require_highlight"": true}"
Evidence2022_01_27,97ed360dcb5a98832e3382d04ca83a5e8eb0a895ed9cd03f339633d67e2cc05c,346ede04-d661-464f-9822-38aa487af393,Evidence Specialist,"{""highlight"": true, ""version"": ""5"", ""hint_type"": """"}",a39580c9-42f0-4ef3-9367-0b58a096589a,T1.Q16,"How difficult was this task for you, on the whole?",RADIO,,,ordinal,"{""version"": ""5"", ""alpha_distance"": ""ordinal"", ""require_one_or_more"": true, ""hint_type"": """"}",7,832f0f48-2574-49e2-8db2-2fa03ed6776e,T1.Q16.A4,4: Neither easy nor difficult,,0,1,"{""case_numbers"": false, ""highlight"": false, ""version"": ""5"", ""require_highlight"": true}"
Evidence2022_01_27,97ed360dcb5a98832e3382d04ca83a5e8eb0a895ed9cd03f339633d67e2cc05c,346ede04-d661-464f-9822-38aa487af393,Evidence Specialist,"{""highlight"": true, ""version"": ""5"", ""hint_type"": """"}",a39580c9-42f0-4ef3-9367-0b58a096589a,T1.Q16,"How difficult was this task for you, on the whole?",RADIO,,,ordinal,"{""version"": ""5"", ""alpha_distance"": ""ordinal"", ""require_one_or_more"": true, ""hint_type"": """"}",7,71b98c58-f283-410c-ae25-bd3895fc2684,T1.Q16.A5,5,,0,1,"{""case_numbers"": false, ""highlight"": false, ""version"": ""5"", ""require_highlight"": true}"
Evidence2022_01_27,97ed360dcb5a98832e3382d04ca83a5e8eb0a895ed9cd03f339633d67e2cc05c,346ede04-d661-464f-9822-38aa487af393,Evidence Specialist,"{""highlight"": true, ""version"": ""5"", ""hint_type"": """"}",a39580c9-42f0-4ef3-9367-0b58a096589a,T1.Q16,"How difficult was this task for you, on the whole?",RADIO,,,ordinal,"{""version"": ""5"", ""alpha_distance"": ""ordinal"", ""require_one_or_more"": true, ""hint_type"": """"}",7,c35e6822-930c-47f6-b429-f0cf0579a5b1,T1.Q16.A6,6,,0,1,"{""case_numbers"": false, ""highlight"": false, ""version"": ""5"", ""require_highlight"": true}"
Evidence2022_01_27,97ed360dcb5a98832e3382d04ca83a5e8eb0a895ed9cd03f339633d67e2cc05c,346ede04-d661-464f-9822-38aa487af393,Evidence Specialist,"{""highlight"": true, ""version"": ""5"", ""hint_type"": """"}",a39580c9-42f0-4ef3-9367-0b58a096589a,T1.Q16,"How difficult was this task for you, on the whole?",RADIO,,,ordinal,"{""version"": ""5"", ""alpha_distance"": ""ordinal"", ""require_one_or_more"": true, ""hint_type"": """"}",7,5b466496-4d18-4df5-a374-4b5d937f108f,T1.Q16.A7,7 Hardest thing I've ever done in a learning situation,,0,1,"{""case_numbers"": false, ""highlight"": false, ""version"": ""5"", ""require_highlight"": true}"
Evidence2022_01_27,97ed360dcb5a98832e3382d04ca83a5e8eb0a895ed9cd03f339633d67e2cc05c,346ede04-d661-464f-9822-38aa487af393,Evidence Specialist,"{""highlight"": true, ""version"": ""5"", ""hint_type"": """"}",108a9823-f589-4260-8cea-7be69ccfe03a,T1.Q17,"How confident are you about your answers, on the whole?",RADIO,,,ordinal,"{""version"": ""5"", ""alpha_distance"": ""ordinal"", ""require_one_or_more"": true, ""hint_type"": """"}",7,38e079f4-83ca-4599-80ee-1ffb67ce8bce,T1.Q17.A1,1: I was guessing randomly for everything,,0,1,"{""case_numbers"": false, ""highlight"": false, ""version"": ""5"", ""require_highlight"": true}"
Evidence2022_01_27,97ed360dcb5a98832e3382d04ca83a5e8eb0a895ed9cd03f339633d67e2cc05c,346ede04-d661-464f-9822-38aa487af393,Evidence Specialist,"{""highlight"": true, ""version"": ""5"", ""hint_type"": """"}",108a9823-f589-4260-8cea-7be69ccfe03a,T1.Q17,"How confident are you about your answers, on the whole?",RADIO,,,ordinal,"{""version"": ""5"", ""alpha_distance"": ""ordinal"", ""require_one_or_more"": true, ""hint_type"": """"}",7,f0a1e51f-e224-45f2-8aab-9c913783cfea,T1.Q17.A2,2,,0,1,"{""case_numbers"": false, ""highlight"": false, ""version"": ""5"", ""require_highlight"": true}"
Evidence2022_01_27,97ed360dcb5a98832e3382d04ca83a5e8eb0a895ed9cd03f339633d67e2cc05c,346ede04-d661-464f-9822-38aa487af393,Evidence Specialist,"{""highlight"": true, ""version"": ""5"", ""hint_type"": """"}",108a9823-f589-4260-8cea-7be69ccfe03a,T1.Q17,"How confident are you about your answers, on the whole?",RADIO,,,ordinal,"{""version"": ""5"", ""alpha_distance"": ""ordinal"", ""require_one_or_more"": true, ""hint_type"": """"}",7,6586a1f4-c8fb-4c2d-9e34-daad43adcdbc,T1.Q17.A3,3,,0,1,"{""case_numbers"": false, ""highlight"": false, ""version"": ""5"", ""require_highlight"": true}"
Evidence2022_01_27,97ed360dcb5a98832e3382d04ca83a5e8eb0a895ed9cd03f339633d67e2cc05c,346ede04-d661-464f-9822-38aa487af393,Evidence Specialist,"{""highlight"": true, ""version"": ""5"", ""hint_type"": """"}",108a9823-f589-4260-8cea-7be69ccfe03a,T1.Q17,"How confident are you about your answers, on the whole?",RADIO,,,ordinal,"{""version"": ""5"", ""alpha_distance"": ""ordinal"", ""require_one_or_more"": true, ""hint_type"": """"}",7,99ca9ff9-2069-4b36-8503-4d3eae90eee9,T1.Q17.A4,4: Somewhat confident,,0,1,"{""case_numbers"": false, ""highlight"": false, ""version"": ""5"", ""require_highlight"": true}"
Evidence2022_01_27,97ed360dcb5a98832e3382d04ca83a5e8eb0a895ed9cd03f339633d67e2cc05c,346ede04-d661-464f-9822-38aa487af393,Evidence Specialist,"{""highlight"": true, ""version"": ""5"", ""hint_type"": """"}",108a9823-f589-4260-8cea-7be69ccfe03a,T1.Q17,"How confident are you about your answers, on the whole?",RADIO,,,ordinal,"{""version"": ""5"", ""alpha_distance"": ""ordinal"", ""require_one_or_more"": true, ""hint_type"": """"}",7,f1d1baec-9151-4f48-8c70-f0a16f8c9661,T1.Q17.A5,5,,0,1,"{""case_numbers"": false, ""highlight"": false, ""version"": ""5"", ""require_highlight"": true}"
Evidence2022_01_27,97ed360dcb5a98832e3382d04ca83a5e8eb0a895ed9cd03f339633d67e2cc05c,346ede04-d661-464f-9822-38aa487af393,Evidence Specialist,"{""highlight"": true, ""version"": ""5"", ""hint_type"": """"}",108a9823-f589-4260-8cea-7be69ccfe03a,T1.Q17,"How confident are you about your answers, on the whole?",RADIO,,,ordinal,"{""version"": ""5"", ""alpha_distance"": ""ordinal"", ""require_one_or_more"": true, ""hint_type"": """"}",7,9c275608-b1b3-4d3a-b0b1-a66dc5a01c17,T1.Q17.A6,6,,0,1,"{""case_numbers"": false, ""highlight"": false, ""version"": ""5"", ""require_highlight"": true}"
Evidence2022_01_27,97ed360dcb5a98832e3382d04ca83a5e8eb0a895ed9cd03f339633d67e2cc05c,346ede04-d661-464f-9822-38aa487af393,Evidence Specialist,"{""highlight"": true, ""version"": ""5"", ""hint_type"": """"}",108a9823-f589-4260-8cea-7be69ccfe03a,T1.Q17,"How confident are you about your answers, on the whole?",RADIO,,,ordinal,"{""version"": ""5"", ""alpha_distance"": ""ordinal"", ""require_one_or_more"": true, ""hint_type"": """"}",7,3d7a5444-ba60-43f1-989c-2996f26c8efb,T1.Q17.A7,7: 100% certain about all my answers,,0,1,"{""case_numbers"": false, ""highlight"": false, ""version"": ""5"", ""require_highlight"": true}"
Evidence2022_01_27,97ed360dcb5a98832e3382d04ca83a5e8eb0a895ed9cd03f339633d67e2cc05c,346ede04-d661-464f-9822-38aa487af393,Evidence Specialist,"{""highlight"": true, ""version"": ""5"", ""hint_type"": """"}",b7119f2f-f61f-4bc0-ba73-a40d795297d4,T1.Q18,"Is there anything about the interface, instructions, or question wording that could be improved to make tasks like this easier?",TEXT,,,nominal,"{""version"": ""5"", ""alpha_distance"": ""nominal"", ""require_one_or_more"": true, ""hint_type"": """"}",1,9ab12e72-92af-4b71-978f-cecc72fce494,T1.Q18.A1,placeholder answer for TEXT,,0,1,"{""case_numbers"": false, ""highlight"": false, ""version"": ""5"", ""require_highlight"": true}"