article_batch_name,article_number,article_filename,article_sha256,article_text_length,tua_group_uuid,tua_group_name,tua_batch_uuid,tua_batch_name,tua_batch_final,source_task_uuid,tua_uuid,namespace,topic_name,case_number,answer_uuid,extra,highlight_count,start_pos,end_pos,target_text
CovidArticles/USMilitaryMayHaveBrought.txt,100055,USMilitaryMayHaveBrought.txt,3be14d67e2d88964904dcbe7df176bb81dacfc76a6f2e4ec66b45681c86c9301,3598,a6a66579-e4e2-44c6-93a9-cde5438e5a7e,Covid_Reasoningv1.IAA,a5176e69-1a32-481d-9d00-4e5e25edc72a,tua_csv/2020/06/Adj_Dep_S_IAA_Covid_Reasoningv1-Task-2201-DataHunt.csv.gz,True,a44ace1c-0e34-4994-9bcd-65a5d23e1be8,cb90d63e-a89b-4869-8002-648b523caad5,Covid_Reasoning,1237866c,0,1237866c-7089-42d1-a1e2-9f90b9d61148,"{""answer_text_list"": [""Misleading reasoning""]}",0,0,0,
CovidArticles/USMilitaryMayHaveBrought.txt,100055,USMilitaryMayHaveBrought.txt,3be14d67e2d88964904dcbe7df176bb81dacfc76a6f2e4ec66b45681c86c9301,3598,a6a66579-e4e2-44c6-93a9-cde5438e5a7e,Covid_Reasoningv1.IAA,a5176e69-1a32-481d-9d00-4e5e25edc72a,tua_csv/2020/06/Adj_Dep_S_IAA_Covid_Reasoningv1-Task-2201-DataHunt.csv.gz,True,a44ace1c-0e34-4994-9bcd-65a5d23e1be8,a8d232a2-31cc-4fb5-b0d6-4ae9527916ff,Covid_Reasoning,59994ba5,0,59994ba5-740d-46f2-855a-25e103a1e0d0,"{""answer_text_list"": [""Begging the Question""]}",0,0,0,
CovidArticles/USMilitaryMayHaveBrought.txt,100055,USMilitaryMayHaveBrought.txt,3be14d67e2d88964904dcbe7df176bb81dacfc76a6f2e4ec66b45681c86c9301,3598,a6a66579-e4e2-44c6-93a9-cde5438e5a7e,Covid_Reasoningv1.IAA,a5176e69-1a32-481d-9d00-4e5e25edc72a,tua_csv/2020/06/Adj_Dep_S_IAA_Covid_Reasoningv1-Task-2201-DataHunt.csv.gz,True,a44ace1c-0e34-4994-9bcd-65a5d23e1be8,6f2bdd12-5607-4c85-9ca0-41c1e27ae27e,Covid_Reasoning,7831ea7f,0,7831ea7f-613d-4603-9990-60698db3656d,"{""answer_text_list"": [""Appeal to Ignorance""]}",0,0,0,
CovidArticles/USMilitaryMayHaveBrought.txt,100055,USMilitaryMayHaveBrought.txt,3be14d67e2d88964904dcbe7df176bb81dacfc76a6f2e4ec66b45681c86c9301,3598,a6a66579-e4e2-44c6-93a9-cde5438e5a7e,Covid_Reasoningv1.IAA,a5176e69-1a32-481d-9d00-4e5e25edc72a,tua_csv/2020/06/Adj_Dep_S_IAA_Covid_Reasoningv1-Task-2201-DataHunt.csv.gz,True,a44ace1c-0e34-4994-9bcd-65a5d23e1be8,48287251-2f3b-45aa-aff1-fb9a42c9635f,Covid_Reasoning,d1ca4968,0,d1ca4968-9555-464f-b098-db4a2f52b7a8,"{""answer_text_list"": [""9""]}",0,0,0,
CovidArticles/USMilitaryMayHaveBrought.txt,100055,USMilitaryMayHaveBrought.txt,3be14d67e2d88964904dcbe7df176bb81dacfc76a6f2e4ec66b45681c86c9301,3598,a6a66579-e4e2-44c6-93a9-cde5438e5a7e,Covid_Reasoningv1.IAA,a5176e69-1a32-481d-9d00-4e5e25edc72a,tua_csv/2020/06/Adj_Dep_S_IAA_Covid_Reasoningv1-Task-2201-DataHunt.csv.gz,True,a44ace1c-0e34-4994-9bcd-65a5d23e1be8,e79914c2-5047-44d2-991a-f4b1eb18d310,Covid_Reasoning,dc1a36c6,0,dc1a36c6-945d-4bc0-8b41-a465b07f6a17,"{""answer_text_list"": [""Before therefore because (Post hoc ergo propter hoc)""]}",0,0,0,
CovidArticles/USMilitaryMayHaveBrought.txt,100055,USMilitaryMayHaveBrought.txt,3be14d67e2d88964904dcbe7df176bb81dacfc76a6f2e4ec66b45681c86c9301,3598,a6a66579-e4e2-44c6-93a9-cde5438e5a7e,Covid_Reasoningv1.IAA,a5176e69-1a32-481d-9d00-4e5e25edc72a,tua_csv/2020/06/Adj_Dep_S_IAA_Covid_Reasoningv1-Task-2201-DataHunt.csv.gz,True,a44ace1c-0e34-4994-9bcd-65a5d23e1be8,a76d0e4a-42e4-4029-b04f-bb91762fb63a,Covid_Reasoning,ecffcf14,0,ecffcf14-fdc8-4359-b91c-a41d68f2a8c4,"{""answer_text_list"": [""3""]}",0,0,0,
CovidArticles/CoronavirusCanHerdImmunityReally.txt,100056,CoronavirusCanHerdImmunityReally.txt,09a894f06d1157dd7a22a198c6ef78c2b9f4116266d2b0a177d7bb129a51f6e8,4555,a6a66579-e4e2-44c6-93a9-cde5438e5a7e,Covid_Reasoningv1.IAA,113fb4d5-18cf-4fde-9381-68b8d5af4a0b,tua_csv/2020/06/Adj_Dep_S_IAA_Covid_Reasoningv1-Task-2203-DataHunt.csv.gz,True,8330f5ea-da2d-4d5d-828d-dc3e06e001b8,b7cdd1b3-32da-4596-838b-f62183930e40,Covid_Reasoning,37373448,0,37373448-ee83-497d-bbaa-9db02975ea1b,"{""answer_text_list"": [""2""]}",0,0,0,
CovidArticles/CoronavirusCanHerdImmunityReally.txt,100056,CoronavirusCanHerdImmunityReally.txt,09a894f06d1157dd7a22a198c6ef78c2b9f4116266d2b0a177d7bb129a51f6e8,4555,a6a66579-e4e2-44c6-93a9-cde5438e5a7e,Covid_Reasoningv1.IAA,113fb4d5-18cf-4fde-9381-68b8d5af4a0b,tua_csv/2020/06/Adj_Dep_S_IAA_Covid_Reasoningv1-Task-2203-DataHunt.csv.gz,True,8330f5ea-da2d-4d5d-828d-dc3e06e001b8,eef037c0-bdbc-46e5-929d-acef767ebadc,Covid_Reasoning,57582307,0,57582307-7dbd-45d4-a725-48d3e14c27fb,"{""answer_text_list"": [""None of the above""]}",0,0,0,
CovidArticles/CoronavirusCanHerdImmunityReally.txt,100056,CoronavirusCanHerdImmunityReally.txt,09a894f06d1157dd7a22a198c6ef78c2b9f4116266d2b0a177d7bb129a51f6e8,4555,a6a66579-e4e2-44c6-93a9-cde5438e5a7e,Covid_Reasoningv1.IAA,113fb4d5-18cf-4fde-9381-68b8d5af4a0b,tua_csv/2020/06/Adj_Dep_S_IAA_Covid_Reasoningv1-Task-2203-DataHunt.csv.gz,True,8330f5ea-da2d-4d5d-828d-dc3e06e001b8,54b7e050-5959-48d4-9e54-b09f9d3f3575,Covid_Reasoning,69646cca,0,69646cca-7754-4054-bae7-e32fcc20b138,"{""answer_text_list"": [""5: 50-50 that I had it on any given item""]}",0,0,0,
CovidArticles/CoronavirusCanHerdImmunityReally.txt,100056,CoronavirusCanHerdImmunityReally.txt,09a894f06d1157dd7a22a198c6ef78c2b9f4116266d2b0a177d7bb129a51f6e8,4555,a6a66579-e4e2-44c6-93a9-cde5438e5a7e,Covid_Reasoningv1.IAA,d286e247-1fe5-4518-9fdc-bb57435d4258,tua_csv/2020/06/Adj_Dep_S_IAA_Covid_Reasoningv1-Task-2204-DataHunt.csv.gz,True,34152c10-bbf9-445e-a800-d5d1075f067f,179aae7d-b539-4303-98ab-b7b8aa0d8a5b,Covid_Reasoning,199c3384,0,199c3384-db59-496d-a5a8-7f70bf8157d3,"{""answer_text_list"": [""No appeals to biases""]}",0,0,0,
CovidArticles/CoronavirusCanHerdImmunityReally.txt,100056,CoronavirusCanHerdImmunityReally.txt,09a894f06d1157dd7a22a198c6ef78c2b9f4116266d2b0a177d7bb129a51f6e8,4555,a6a66579-e4e2-44c6-93a9-cde5438e5a7e,Covid_Reasoningv1.IAA,d286e247-1fe5-4518-9fdc-bb57435d4258,tua_csv/2020/06/Adj_Dep_S_IAA_Covid_Reasoningv1-Task-2204-DataHunt.csv.gz,True,34152c10-bbf9-445e-a800-d5d1075f067f,d39d79e3-c1eb-42e8-89ce-3565de1b34bc,Covid_Reasoning,37373448,0,37373448-ee83-497d-bbaa-9db02975ea1b,"{""answer_text_list"": [""2""]}",0,0,0,
CovidArticles/CoronavirusCanHerdImmunityReally.txt,100056,CoronavirusCanHerdImmunityReally.txt,09a894f06d1157dd7a22a198c6ef78c2b9f4116266d2b0a177d7bb129a51f6e8,4555,a6a66579-e4e2-44c6-93a9-cde5438e5a7e,Covid_Reasoningv1.IAA,d286e247-1fe5-4518-9fdc-bb57435d4258,tua_csv/2020/06/Adj_Dep_S_IAA_Covid_Reasoningv1-Task-2204-DataHunt.csv.gz,True,34152c10-bbf9-445e-a800-d5d1075f067f,91b237ff-d3e3-4d35-ab3f-5477147cc6d2,Covid_Reasoning,69646cca,0,69646cca-7754-4054-bae7-e32fcc20b138,"{""answer_text_list"": [""5: 50-50 that I had it on any given item""]}",0,0,0,
CovidArticles/CoronavirusCanHerdImmunityReally.txt,100056,CoronavirusCanHerdImmunityReally.txt,09a894f06d1157dd7a22a198c6ef78c2b9f4116266d2b0a177d7bb129a51f6e8,4555,a6a66579-e4e2-44c6-93a9-cde5438e5a7e,Covid_Reasoningv1.IAA,d286e247-1fe5-4518-9fdc-bb57435d4258,tua_csv/2020/06/Adj_Dep_S_IAA_Covid_Reasoningv1-Task-2204-DataHunt.csv.gz,True,34152c10-bbf9-445e-a800-d5d1075f067f,e7d10e27-1528-4365-ac99-811c2ccf2f64,Covid_Reasoning,ec3f18f7,0,ec3f18f7-f1a6-42a1-860d-d6522781716a,"{""answer_text_list"": [""An evaluative judgment (claims about something being good or bad)""]}",0,0,0,
CovidArticles/2005CIAReportOnCoronavirus.txt,2005,2005CIAReportOnCoronavirus.txt,47990959103662e94e796d979018922afddc880fb4b867c7ca2ac8aa2146e7c4,3885,a6a66579-e4e2-44c6-93a9-cde5438e5a7e,Covid_Reasoningv1.IAA,6b7c77c1-491d-473b-9ed8-56fbbe0ef952,tua_csv/2020/06/Adj_S_IAA_Covid_Reasoningv1-Task-2195-DataHunt.csv.gz,True,15ef356a-f41f-404f-af06-92f099871319,d4f3154e-535a-4400-aefa-241831091f83,Covid_Reasoning,37373448,0,37373448-ee83-497d-bbaa-9db02975ea1b,"{""answer_text_list"": [""2""]}",0,0,0,
CovidArticles/2005CIAReportOnCoronavirus.txt,2005,2005CIAReportOnCoronavirus.txt,47990959103662e94e796d979018922afddc880fb4b867c7ca2ac8aa2146e7c4,3885,a6a66579-e4e2-44c6-93a9-cde5438e5a7e,Covid_Reasoningv1.IAA,6b7c77c1-491d-473b-9ed8-56fbbe0ef952,tua_csv/2020/06/Adj_S_IAA_Covid_Reasoningv1-Task-2195-DataHunt.csv.gz,True,15ef356a-f41f-404f-af06-92f099871319,ebbc3310-e995-4b3a-92d7-0eb1f2a61f1c,Covid_Reasoning,57582307,0,57582307-7dbd-45d4-a725-48d3e14c27fb,"{""answer_text_list"": [""None of the above""]}",0,0,0,
CovidArticles/2005CIAReportOnCoronavirus.txt,2005,2005CIAReportOnCoronavirus.txt,47990959103662e94e796d979018922afddc880fb4b867c7ca2ac8aa2146e7c4,3885,a6a66579-e4e2-44c6-93a9-cde5438e5a7e,Covid_Reasoningv1.IAA,6b7c77c1-491d-473b-9ed8-56fbbe0ef952,tua_csv/2020/06/Adj_S_IAA_Covid_Reasoningv1-Task-2195-DataHunt.csv.gz,True,15ef356a-f41f-404f-af06-92f099871319,10cdaaf5-8d79-4a65-b6da-3fb148f0f5cb,Covid_Reasoning,69646cca,0,69646cca-7754-4054-bae7-e32fcc20b138,"{""answer_text_list"": [""5: 50-50 that I had it on any given item""]}",0,0,0,
CovidArticles/2005CIAReportOnCoronavirus.txt,2005,2005CIAReportOnCoronavirus.txt,47990959103662e94e796d979018922afddc880fb4b867c7ca2ac8aa2146e7c4,3885,a6a66579-e4e2-44c6-93a9-cde5438e5a7e,Covid_Reasoningv1.IAA,405270c0-736c-4ed0-81a6-3c897e0efbbd,tua_csv/2020/06/Adj_S_IAA_Covid_Reasoningv1-Task-2194-DataHunt.csv.gz,True,aee6c90e-90cf-460e-a62c-5bf6b055ffa9,78a5283e-2a68-48ae-8b29-39d52623e550,Covid_Reasoning,6642213f,0,6642213f-f85e-415a-aef3-eb64e59d4a9a,"{""answer_text_list"": [""Estimates of the likelihood/probability or frequency of an event (past, present, or future)""]}",0,0,0,
CovidArticles/2005CIAReportOnCoronavirus.txt,2005,2005CIAReportOnCoronavirus.txt,47990959103662e94e796d979018922afddc880fb4b867c7ca2ac8aa2146e7c4,3885,a6a66579-e4e2-44c6-93a9-cde5438e5a7e,Covid_Reasoningv1.IAA,405270c0-736c-4ed0-81a6-3c897e0efbbd,tua_csv/2020/06/Adj_S_IAA_Covid_Reasoningv1-Task-2194-DataHunt.csv.gz,True,aee6c90e-90cf-460e-a62c-5bf6b055ffa9,0c016490-f644-403f-adaa-916c4c142b00,Covid_Reasoning,69646cca,0,69646cca-7754-4054-bae7-e32fcc20b138,"{""answer_text_list"": [""5: 50-50 that I had it on any given item""]}",0,0,0,
CovidArticles/2005CIAReportOnCoronavirus.txt,2005,2005CIAReportOnCoronavirus.txt,47990959103662e94e796d979018922afddc880fb4b867c7ca2ac8aa2146e7c4,3885,a6a66579-e4e2-44c6-93a9-cde5438e5a7e,Covid_Reasoningv1.IAA,405270c0-736c-4ed0-81a6-3c897e0efbbd,tua_csv/2020/06/Adj_S_IAA_Covid_Reasoningv1-Task-2194-DataHunt.csv.gz,True,aee6c90e-90cf-460e-a62c-5bf6b055ffa9,ab2cebba-ae3c-42db-b605-4bb5c10d0f7e,Covid_Reasoning,8384e5bf,0,8384e5bf-d0a7-4d3d-a5e6-ceb51a63faab,"{""answer_text_list"": [""5: Middling difficulty""]}",0,0,0,
CovidArticles/2005CIAReportOnCoronavirus.txt,2005,2005CIAReportOnCoronavirus.txt,47990959103662e94e796d979018922afddc880fb4b867c7ca2ac8aa2146e7c4,3885,a6a66579-e4e2-44c6-93a9-cde5438e5a7e,Covid_Reasoningv1.IAA,405270c0-736c-4ed0-81a6-3c897e0efbbd,tua_csv/2020/06/Adj_S_IAA_Covid_Reasoningv1-Task-2194-DataHunt.csv.gz,True,aee6c90e-90cf-460e-a62c-5bf6b055ffa9,740d6efb-2b14-4847-a6ff-48918d2ca33f,Covid_Reasoning,9fb36658,0,9fb36658-3735-41e9-a46b-cf0d47c0ed6e,"{""answer_text_list"": [""Other misleading reasoning about probability or frequency""]}",1,2662,2762,"there will be a degradation of vital infrastructure, there will be economic losses on a global scale"
CovidArticles/2005CIAReportOnCoronavirus.txt,2005,2005CIAReportOnCoronavirus.txt,47990959103662e94e796d979018922afddc880fb4b867c7ca2ac8aa2146e7c4,3885,a6a66579-e4e2-44c6-93a9-cde5438e5a7e,Covid_Reasoningv1.IAA,405270c0-736c-4ed0-81a6-3c897e0efbbd,tua_csv/2020/06/Adj_S_IAA_Covid_Reasoningv1-Task-2194-DataHunt.csv.gz,True,aee6c90e-90cf-460e-a62c-5bf6b055ffa9,8fed4c5e-6a5d-4b3c-ba00-11dedf9d89bd,Covid_Reasoning,cb1390d1,0,cb1390d1-9a3e-4550-a3a9-36ace1ffdca0,"{""answer_text_list"": [""No misleading reasoning about probability or frequency""]}",0,0,0,
CovidArticles/2005CIAReportOnCoronavirus.txt,2005,2005CIAReportOnCoronavirus.txt,47990959103662e94e796d979018922afddc880fb4b867c7ca2ac8aa2146e7c4,3885,a6a66579-e4e2-44c6-93a9-cde5438e5a7e,Covid_Reasoningv1.IAA,405270c0-736c-4ed0-81a6-3c897e0efbbd,tua_csv/2020/06/Adj_S_IAA_Covid_Reasoningv1-Task-2194-DataHunt.csv.gz,True,aee6c90e-90cf-460e-a62c-5bf6b055ffa9,02aded10-653e-4475-9cc1-068a2590d5f7,Covid_Reasoning,d28b26c7,0,d28b26c7-4d2d-45f6-97d7-2144d4b3d371,"{""answer_text_list"": [""Somewhat""]}",0,0,0,
CovidArticles/2005CIAReportOnCoronavirus.txt,2005,2005CIAReportOnCoronavirus.txt,47990959103662e94e796d979018922afddc880fb4b867c7ca2ac8aa2146e7c4,3885,a6a66579-e4e2-44c6-93a9-cde5438e5a7e,Covid_Reasoningv1.IAA,9d01bb1e-d17a-4214-8dc8-5b3f8a1a7132,tua_csv/2020/06/Adj_S_IAA_Covid_Reasoningv1-Task-2193-DataHunt.csv.gz,True,d463bb7f-4e42-4f56-bf9d-35e6dbc3d6c2,d4159864-02eb-415d-b466-d11d55efb9d1,Covid_Reasoning,6642213f,0,6642213f-f85e-415a-aef3-eb64e59d4a9a,"{""answer_text_list"": [""Estimates of the likelihood/probability or frequency of an event (past, present, or future)""]}",0,0,0,
CovidArticles/2005CIAReportOnCoronavirus.txt,2005,2005CIAReportOnCoronavirus.txt,47990959103662e94e796d979018922afddc880fb4b867c7ca2ac8aa2146e7c4,3885,a6a66579-e4e2-44c6-93a9-cde5438e5a7e,Covid_Reasoningv1.IAA,9d01bb1e-d17a-4214-8dc8-5b3f8a1a7132,tua_csv/2020/06/Adj_S_IAA_Covid_Reasoningv1-Task-2193-DataHunt.csv.gz,True,d463bb7f-4e42-4f56-bf9d-35e6dbc3d6c2,5870010d-ed4b-4359-b92c-6c7efebd7fa1,Covid_Reasoning,8384e5bf,0,8384e5bf-d0a7-4d3d-a5e6-ceb51a63faab,"{""answer_text_list"": [""5: Middling difficulty""]}",0,0,0,
CovidArticles/2005CIAReportOnCoronavirus.txt,2005,2005CIAReportOnCoronavirus.txt,47990959103662e94e796d979018922afddc880fb4b867c7ca2ac8aa2146e7c4,3885,a6a66579-e4e2-44c6-93a9-cde5438e5a7e,Covid_Reasoningv1.IAA,9d01bb1e-d17a-4214-8dc8-5b3f8a1a7132,tua_csv/2020/06/Adj_S_IAA_Covid_Reasoningv1-Task-2193-DataHunt.csv.gz,True,d463bb7f-4e42-4f56-bf9d-35e6dbc3d6c2,5ad1bf39-58a8-4edd-9aea-1dfac2a66e92,Covid_Reasoning,898c5f14,0,898c5f14-2b2b-4e8e-84cb-33a5291569f8,"{""answer_text_list"": [""6""]}",0,0,0,
CovidArticles/2005CIAReportOnCoronavirus.txt,2005,2005CIAReportOnCoronavirus.txt,47990959103662e94e796d979018922afddc880fb4b867c7ca2ac8aa2146e7c4,3885,a6a66579-e4e2-44c6-93a9-cde5438e5a7e,Covid_Reasoningv1.IAA,9d01bb1e-d17a-4214-8dc8-5b3f8a1a7132,tua_csv/2020/06/Adj_S_IAA_Covid_Reasoningv1-Task-2193-DataHunt.csv.gz,True,d463bb7f-4e42-4f56-bf9d-35e6dbc3d6c2,86bb56fe-2df4-41f9-9285-3b38494a9551,Covid_Reasoning,9fb36658,0,9fb36658-3735-41e9-a46b-cf0d47c0ed6e,"{""answer_text_list"": [""Other misleading reasoning about probability or frequency""]}",1,2488,2632,"from ten to several hundred million Westerners will become infected with this disease , and the number of deaths will amount to tens of millions"
CovidArticles/2005CIAReportOnCoronavirus.txt,2005,2005CIAReportOnCoronavirus.txt,47990959103662e94e796d979018922afddc880fb4b867c7ca2ac8aa2146e7c4,3885,a6a66579-e4e2-44c6-93a9-cde5438e5a7e,Covid_Reasoningv1.IAA,9d01bb1e-d17a-4214-8dc8-5b3f8a1a7132,tua_csv/2020/06/Adj_S_IAA_Covid_Reasoningv1-Task-2193-DataHunt.csv.gz,True,d463bb7f-4e42-4f56-bf9d-35e6dbc3d6c2,c90483a9-3efa-463d-9386-276f6791adab,Covid_Reasoning,d28b26c7,0,d28b26c7-4d2d-45f6-97d7-2144d4b3d371,"{""answer_text_list"": [""Somewhat""]}",0,0,0,
CovidArticles/USMightBeComplementingIran.txt,100054,USMightBeComplementingIran.txt,7360da3cdcf83a48e365821654ef0750810f3483efb8e25ad792eed6f4bf0b6f,1870,a6a66579-e4e2-44c6-93a9-cde5438e5a7e,Covid_Reasoningv1.IAA,358a7d27-7b66-4e09-ab23-d5715e37f6ff,tua_csv/2020/06/Adj_S_IAA_Covid_Reasoningv1-Task-2199-DataHunt.csv.gz,True,83df4ce8-6d86-4e96-b3fe-dc5d9f146505,7d7c199c-e47f-4ff7-92c6-8ef851a7a027,Covid_Reasoning,6642213f,0,6642213f-f85e-415a-aef3-eb64e59d4a9a,"{""answer_text_list"": [""Estimates of the likelihood/probability or frequency of an event (past, present, or future)""]}",0,0,0,
CovidArticles/USMightBeComplementingIran.txt,100054,USMightBeComplementingIran.txt,7360da3cdcf83a48e365821654ef0750810f3483efb8e25ad792eed6f4bf0b6f,1870,a6a66579-e4e2-44c6-93a9-cde5438e5a7e,Covid_Reasoningv1.IAA,358a7d27-7b66-4e09-ab23-d5715e37f6ff,tua_csv/2020/06/Adj_S_IAA_Covid_Reasoningv1-Task-2199-DataHunt.csv.gz,True,83df4ce8-6d86-4e96-b3fe-dc5d9f146505,9919bfed-ab7c-4e94-82c7-7bbbac490ffa,Covid_Reasoning,69646cca,0,69646cca-7754-4054-bae7-e32fcc20b138,"{""answer_text_list"": [""5: 50-50 that I had it on any given item""]}",0,0,0,
CovidArticles/USMightBeComplementingIran.txt,100054,USMightBeComplementingIran.txt,7360da3cdcf83a48e365821654ef0750810f3483efb8e25ad792eed6f4bf0b6f,1870,a6a66579-e4e2-44c6-93a9-cde5438e5a7e,Covid_Reasoningv1.IAA,358a7d27-7b66-4e09-ab23-d5715e37f6ff,tua_csv/2020/06/Adj_S_IAA_Covid_Reasoningv1-Task-2199-DataHunt.csv.gz,True,83df4ce8-6d86-4e96-b3fe-dc5d9f146505,8381b2fa-c26a-4c9e-b664-86ea796ab8f5,Covid_Reasoning,8384e5bf,0,8384e5bf-d0a7-4d3d-a5e6-ceb51a63faab,"{""answer_text_list"": [""5: Middling difficulty""]}",0,0,0,
CovidArticles/USMightBeComplementingIran.txt,100054,USMightBeComplementingIran.txt,7360da3cdcf83a48e365821654ef0750810f3483efb8e25ad792eed6f4bf0b6f,1870,a6a66579-e4e2-44c6-93a9-cde5438e5a7e,Covid_Reasoningv1.IAA,358a7d27-7b66-4e09-ab23-d5715e37f6ff,tua_csv/2020/06/Adj_S_IAA_Covid_Reasoningv1-Task-2199-DataHunt.csv.gz,True,83df4ce8-6d86-4e96-b3fe-dc5d9f146505,4d050647-eec9-429d-bdbe-ac84dc170393,Covid_Reasoning,9fb36658,0,9fb36658-3735-41e9-a46b-cf0d47c0ed6e,"{""answer_text_list"": [""Other misleading reasoning about probability or frequency""]}",1,337,445,There are too many indications now that the virus has been leaked from a bioweapons lab in the United States
CovidArticles/USMightBeComplementingIran.txt,100054,USMightBeComplementingIran.txt,7360da3cdcf83a48e365821654ef0750810f3483efb8e25ad792eed6f4bf0b6f,1870,a6a66579-e4e2-44c6-93a9-cde5438e5a7e,Covid_Reasoningv1.IAA,358a7d27-7b66-4e09-ab23-d5715e37f6ff,tua_csv/2020/06/Adj_S_IAA_Covid_Reasoningv1-Task-2199-DataHunt.csv.gz,True,83df4ce8-6d86-4e96-b3fe-dc5d9f146505,9e844208-7e49-4060-b97e-d570e4a3d421,Covid_Reasoning,bde68fe4,0,bde68fe4-031a-471c-a587-3ff8751df954,"{""answer_text_list"": [""Extremely""]}",0,0,0,
CovidArticles/USMightBeComplementingIran.txt,100054,USMightBeComplementingIran.txt,7360da3cdcf83a48e365821654ef0750810f3483efb8e25ad792eed6f4bf0b6f,1870,a6a66579-e4e2-44c6-93a9-cde5438e5a7e,Covid_Reasoningv1.IAA,358a7d27-7b66-4e09-ab23-d5715e37f6ff,tua_csv/2020/06/Adj_S_IAA_Covid_Reasoningv1-Task-2199-DataHunt.csv.gz,True,83df4ce8-6d86-4e96-b3fe-dc5d9f146505,fc33aefc-a7e7-4605-adbf-316213a0b221,Covid_Reasoning,cb1390d1,0,cb1390d1-9a3e-4550-a3a9-36ace1ffdca0,"{""answer_text_list"": [""No misleading reasoning about probability or frequency""]}",0,0,0,
CovidArticles/USMightBeComplementingIran.txt,100054,USMightBeComplementingIran.txt,7360da3cdcf83a48e365821654ef0750810f3483efb8e25ad792eed6f4bf0b6f,1870,a6a66579-e4e2-44c6-93a9-cde5438e5a7e,Covid_Reasoningv1.IAA,8d9bbdf7-ce17-485b-9d1c-2c38e43c50f1,tua_csv/2020/06/Adj_S_IAA_Covid_Reasoningv1-Task-2198-DataHunt.csv.gz,True,a70e11ec-2d98-440b-8a80-ad7f308bb21e,bce2ba3f-7107-415b-88fc-25ee1ef91e7e,Covid_Reasoning,1237866c,0,1237866c-7089-42d1-a1e2-9f90b9d61148,"{""answer_text_list"": [""Misleading reasoning""]}",0,0,0,
CovidArticles/USMightBeComplementingIran.txt,100054,USMightBeComplementingIran.txt,7360da3cdcf83a48e365821654ef0750810f3483efb8e25ad792eed6f4bf0b6f,1870,a6a66579-e4e2-44c6-93a9-cde5438e5a7e,Covid_Reasoningv1.IAA,8d9bbdf7-ce17-485b-9d1c-2c38e43c50f1,tua_csv/2020/06/Adj_S_IAA_Covid_Reasoningv1-Task-2198-DataHunt.csv.gz,True,a70e11ec-2d98-440b-8a80-ad7f308bb21e,438e19ae-b783-46d9-b334-3db2f1c214a1,Covid_Reasoning,39bf4ab0,0,39bf4ab0-9b63-4499-aebb-33f1cb3ec71b,"{""answer_text_list"": [""Other logical fallacy""]}",0,0,0,
CovidArticles/USMightBeComplementingIran.txt,100054,USMightBeComplementingIran.txt,7360da3cdcf83a48e365821654ef0750810f3483efb8e25ad792eed6f4bf0b6f,1870,a6a66579-e4e2-44c6-93a9-cde5438e5a7e,Covid_Reasoningv1.IAA,8d9bbdf7-ce17-485b-9d1c-2c38e43c50f1,tua_csv/2020/06/Adj_S_IAA_Covid_Reasoningv1-Task-2198-DataHunt.csv.gz,True,a70e11ec-2d98-440b-8a80-ad7f308bb21e,850437ec-06ae-46da-8585-c8287c156686,Covid_Reasoning,59994ba5,0,59994ba5-740d-46f2-855a-25e103a1e0d0,"{""answer_text_list"": [""Begging the Question""]}",0,0,0,
CovidArticles/USMightBeComplementingIran.txt,100054,USMightBeComplementingIran.txt,7360da3cdcf83a48e365821654ef0750810f3483efb8e25ad792eed6f4bf0b6f,1870,a6a66579-e4e2-44c6-93a9-cde5438e5a7e,Covid_Reasoningv1.IAA,8d9bbdf7-ce17-485b-9d1c-2c38e43c50f1,tua_csv/2020/06/Adj_S_IAA_Covid_Reasoningv1-Task-2198-DataHunt.csv.gz,True,a70e11ec-2d98-440b-8a80-ad7f308bb21e,5fd7c4aa-71ba-4081-a9ba-ed92bcf06620,Covid_Reasoning,7831ea7f,0,7831ea7f-613d-4603-9990-60698db3656d,"{""answer_text_list"": [""Appeal to Ignorance""]}",0,0,0,
CovidArticles/USMightBeComplementingIran.txt,100054,USMightBeComplementingIran.txt,7360da3cdcf83a48e365821654ef0750810f3483efb8e25ad792eed6f4bf0b6f,1870,a6a66579-e4e2-44c6-93a9-cde5438e5a7e,Covid_Reasoningv1.IAA,8d9bbdf7-ce17-485b-9d1c-2c38e43c50f1,tua_csv/2020/06/Adj_S_IAA_Covid_Reasoningv1-Task-2198-DataHunt.csv.gz,True,a70e11ec-2d98-440b-8a80-ad7f308bb21e,d7476703-c210-4a74-a6ab-f2bd5b8e8f4a,Covid_Reasoning,8384e5bf,0,8384e5bf-d0a7-4d3d-a5e6-ceb51a63faab,"{""answer_text_list"": [""5: Middling difficulty""]}",0,0,0,
CovidArticles/USMightBeComplementingIran.txt,100054,USMightBeComplementingIran.txt,7360da3cdcf83a48e365821654ef0750810f3483efb8e25ad792eed6f4bf0b6f,1870,a6a66579-e4e2-44c6-93a9-cde5438e5a7e,Covid_Reasoningv1.IAA,8d9bbdf7-ce17-485b-9d1c-2c38e43c50f1,tua_csv/2020/06/Adj_S_IAA_Covid_Reasoningv1-Task-2198-DataHunt.csv.gz,True,a70e11ec-2d98-440b-8a80-ad7f308bb21e,fe7efa39-1527-4c14-ac15-e1a4e4853388,Covid_Reasoning,a57dc5cc,0,a57dc5cc-4561-4c00-90ef-dd11770d0f08,"{""answer_text_list"": [""3""]}",0,0,0,
CovidArticles/USMightBeComplementingIran.txt,100054,USMightBeComplementingIran.txt,7360da3cdcf83a48e365821654ef0750810f3483efb8e25ad792eed6f4bf0b6f,1870,a6a66579-e4e2-44c6-93a9-cde5438e5a7e,Covid_Reasoningv1.IAA,8d9bbdf7-ce17-485b-9d1c-2c38e43c50f1,tua_csv/2020/06/Adj_S_IAA_Covid_Reasoningv1-Task-2198-DataHunt.csv.gz,True,a70e11ec-2d98-440b-8a80-ad7f308bb21e,c317babc-1a6b-4cc2-a2d0-f4e796d88f45,Covid_Reasoning,a9b9f91f,0,a9b9f91f-8975-4020-8739-9b03561cf7ac,"{""answer_text_list"": [""Other appeals to biases"", ""Other appeals to biases""]}",2,117,333,"An American pundit speculates that the United States is keeping its sanctions against Iran in order to complement the bans\u2019 effect with the scourge of the new coronavirus that he believes might be a US-made bioweapon"
CovidArticles/USMightBeComplementingIran.txt,100054,USMightBeComplementingIran.txt,7360da3cdcf83a48e365821654ef0750810f3483efb8e25ad792eed6f4bf0b6f,1870,a6a66579-e4e2-44c6-93a9-cde5438e5a7e,Covid_Reasoningv1.IAA,8d9bbdf7-ce17-485b-9d1c-2c38e43c50f1,tua_csv/2020/06/Adj_S_IAA_Covid_Reasoningv1-Task-2198-DataHunt.csv.gz,True,a70e11ec-2d98-440b-8a80-ad7f308bb21e,c317babc-1a6b-4cc2-a2d0-f4e796d88f45,Covid_Reasoning,a9b9f91f,0,a9b9f91f-8975-4020-8739-9b03561cf7ac,"{""answer_text_list"": [""Other appeals to biases"", ""Other appeals to biases""]}",2,595,776,"if it\u2019s a weapon, then, they would not want to do that. If it\u2019s a weapon, then, they are going to want to use the sanctions as part of the other weapon to force Iran into submission"
CovidArticles/USMightBeComplementingIran.txt,100054,USMightBeComplementingIran.txt,7360da3cdcf83a48e365821654ef0750810f3483efb8e25ad792eed6f4bf0b6f,1870,a6a66579-e4e2-44c6-93a9-cde5438e5a7e,Covid_Reasoningv1.IAA,8d9bbdf7-ce17-485b-9d1c-2c38e43c50f1,tua_csv/2020/06/Adj_S_IAA_Covid_Reasoningv1-Task-2198-DataHunt.csv.gz,True,a70e11ec-2d98-440b-8a80-ad7f308bb21e,5b6f6974-70e8-423d-ba4e-713fe8fb7375,Covid_Reasoning,bde68fe4,0,bde68fe4-031a-471c-a587-3ff8751df954,"{""answer_text_list"": [""Extremely""]}",0,0,0,
CovidArticles/USMightBeComplementingIran.txt,100054,USMightBeComplementingIran.txt,7360da3cdcf83a48e365821654ef0750810f3483efb8e25ad792eed6f4bf0b6f,1870,a6a66579-e4e2-44c6-93a9-cde5438e5a7e,Covid_Reasoningv1.IAA,8d9bbdf7-ce17-485b-9d1c-2c38e43c50f1,tua_csv/2020/06/Adj_S_IAA_Covid_Reasoningv1-Task-2198-DataHunt.csv.gz,True,a70e11ec-2d98-440b-8a80-ad7f308bb21e,687f2ad8-5a8a-4bb5-90b2-c86d02f7cbee,Covid_Reasoning,ec3f18f7,0,ec3f18f7-f1a6-42a1-860d-d6522781716a,"{""answer_text_list"": [""An evaluative judgment (claims about something being good or bad)""]}",0,0,0,
CovidArticles/USMightBeComplementingIran.txt,100054,USMightBeComplementingIran.txt,7360da3cdcf83a48e365821654ef0750810f3483efb8e25ad792eed6f4bf0b6f,1870,a6a66579-e4e2-44c6-93a9-cde5438e5a7e,Covid_Reasoningv1.IAA,e3d256c2-2578-4cd5-80a8-443c6a1bcebf,tua_csv/2020/06/Adj_S_IAA_Covid_Reasoningv1-Task-2200-DataHunt.csv.gz,True,6f3c0d96-eea3-480d-b675-4f138c466983,bd25fc16-9093-4c0f-aab1-c72b25ac1d55,Covid_Reasoning,1237866c,0,1237866c-7089-42d1-a1e2-9f90b9d61148,"{""answer_text_list"": [""Misleading reasoning""]}",0,0,0,
CovidArticles/USMightBeComplementingIran.txt,100054,USMightBeComplementingIran.txt,7360da3cdcf83a48e365821654ef0750810f3483efb8e25ad792eed6f4bf0b6f,1870,a6a66579-e4e2-44c6-93a9-cde5438e5a7e,Covid_Reasoningv1.IAA,e3d256c2-2578-4cd5-80a8-443c6a1bcebf,tua_csv/2020/06/Adj_S_IAA_Covid_Reasoningv1-Task-2200-DataHunt.csv.gz,True,6f3c0d96-eea3-480d-b675-4f138c466983,b5fec12e-b298-483d-97d8-c65f5e19c219,Covid_Reasoning,59994ba5,0,59994ba5-740d-46f2-855a-25e103a1e0d0,"{""answer_text_list"": [""Begging the Question""]}",0,0,0,
CovidArticles/USMightBeComplementingIran.txt,100054,USMightBeComplementingIran.txt,7360da3cdcf83a48e365821654ef0750810f3483efb8e25ad792eed6f4bf0b6f,1870,a6a66579-e4e2-44c6-93a9-cde5438e5a7e,Covid_Reasoningv1.IAA,e3d256c2-2578-4cd5-80a8-443c6a1bcebf,tua_csv/2020/06/Adj_S_IAA_Covid_Reasoningv1-Task-2200-DataHunt.csv.gz,True,6f3c0d96-eea3-480d-b675-4f138c466983,51d3662d-af93-4ae1-849e-0f901d89f04a,Covid_Reasoning,75764385,0,75764385-e849-4d59-b4f8-4c62f83eae70,"{""answer_text_list"": [""False Dilemma""]}",0,0,0,
CovidArticles/USMightBeComplementingIran.txt,100054,USMightBeComplementingIran.txt,7360da3cdcf83a48e365821654ef0750810f3483efb8e25ad792eed6f4bf0b6f,1870,a6a66579-e4e2-44c6-93a9-cde5438e5a7e,Covid_Reasoningv1.IAA,e3d256c2-2578-4cd5-80a8-443c6a1bcebf,tua_csv/2020/06/Adj_S_IAA_Covid_Reasoningv1-Task-2200-DataHunt.csv.gz,True,6f3c0d96-eea3-480d-b675-4f138c466983,fb2972fc-c1c0-489f-8132-204280fb57a6,Covid_Reasoning,7831ea7f,0,7831ea7f-613d-4603-9990-60698db3656d,"{""answer_text_list"": [""Appeal to Ignorance""]}",0,0,0,
CovidArticles/USMightBeComplementingIran.txt,100054,USMightBeComplementingIran.txt,7360da3cdcf83a48e365821654ef0750810f3483efb8e25ad792eed6f4bf0b6f,1870,a6a66579-e4e2-44c6-93a9-cde5438e5a7e,Covid_Reasoningv1.IAA,e3d256c2-2578-4cd5-80a8-443c6a1bcebf,tua_csv/2020/06/Adj_S_IAA_Covid_Reasoningv1-Task-2200-DataHunt.csv.gz,True,6f3c0d96-eea3-480d-b675-4f138c466983,ac42d2bb-ec20-4280-9874-a9ec9d964fd1,Covid_Reasoning,b7a1de88,0,b7a1de88-c903-457d-b79d-41307c15b161,"{""answer_text_list"": [""No logical fallacies""]}",0,0,0,
CovidArticles/USMightBeComplementingIran.txt,100054,USMightBeComplementingIran.txt,7360da3cdcf83a48e365821654ef0750810f3483efb8e25ad792eed6f4bf0b6f,1870,a6a66579-e4e2-44c6-93a9-cde5438e5a7e,Covid_Reasoningv1.IAA,e3d256c2-2578-4cd5-80a8-443c6a1bcebf,tua_csv/2020/06/Adj_S_IAA_Covid_Reasoningv1-Task-2200-DataHunt.csv.gz,True,6f3c0d96-eea3-480d-b675-4f138c466983,7238a8da-9060-4950-a797-025e6999f4ad,Covid_Reasoning,bde68fe4,0,bde68fe4-031a-471c-a587-3ff8751df954,"{""answer_text_list"": [""Extremely""]}",0,0,0,
CovidArticles/USMightBeComplementingIran.txt,100054,USMightBeComplementingIran.txt,7360da3cdcf83a48e365821654ef0750810f3483efb8e25ad792eed6f4bf0b6f,1870,a6a66579-e4e2-44c6-93a9-cde5438e5a7e,Covid_Reasoningv1.IAA,e3d256c2-2578-4cd5-80a8-443c6a1bcebf,tua_csv/2020/06/Adj_S_IAA_Covid_Reasoningv1-Task-2200-DataHunt.csv.gz,True,6f3c0d96-eea3-480d-b675-4f138c466983,facda5f1-40c5-43f1-86b7-97214d286e07,Covid_Reasoning,d1ca4968,0,d1ca4968-9555-464f-b098-db4a2f52b7a8,"{""answer_text_list"": [""9""]}",0,0,0,
CovidArticles/USMightBeComplementingIran.txt,100054,USMightBeComplementingIran.txt,7360da3cdcf83a48e365821654ef0750810f3483efb8e25ad792eed6f4bf0b6f,1870,a6a66579-e4e2-44c6-93a9-cde5438e5a7e,Covid_Reasoningv1.IAA,e3d256c2-2578-4cd5-80a8-443c6a1bcebf,tua_csv/2020/06/Adj_S_IAA_Covid_Reasoningv1-Task-2200-DataHunt.csv.gz,True,6f3c0d96-eea3-480d-b675-4f138c466983,2de91d52-5ad7-4971-803e-d43ce7b768ec,Covid_Reasoning,ecffcf14,0,ecffcf14-fdc8-4359-b91c-a41d68f2a8c4,"{""answer_text_list"": [""3""]}",0,0,0,
CovidArticles/2005CIAReportOnCoronavirus.txt,2005,2005CIAReportOnCoronavirus.txt,47990959103662e94e796d979018922afddc880fb4b867c7ca2ac8aa2146e7c4,3885,a6a66579-e4e2-44c6-93a9-cde5438e5a7e,Covid_Reasoningv1.IAA,b9fe4888-0ee2-4b08-849b-8430fe47348d,tua_csv/2020/06/Adj_S_IAA_Covid_Reasoningv1-Task-2197-DataHunt.csv.gz,True,b761a105-e599-4438-96e9-3c10076bcbcf,0fb8bf95-553f-46e4-9e78-9f127a942a6b,Covid_Reasoning,1237866c,0,1237866c-7089-42d1-a1e2-9f90b9d61148,"{""answer_text_list"": [""Misleading reasoning""]}",0,0,0,
CovidArticles/2005CIAReportOnCoronavirus.txt,2005,2005CIAReportOnCoronavirus.txt,47990959103662e94e796d979018922afddc880fb4b867c7ca2ac8aa2146e7c4,3885,a6a66579-e4e2-44c6-93a9-cde5438e5a7e,Covid_Reasoningv1.IAA,b9fe4888-0ee2-4b08-849b-8430fe47348d,tua_csv/2020/06/Adj_S_IAA_Covid_Reasoningv1-Task-2197-DataHunt.csv.gz,True,b761a105-e599-4438-96e9-3c10076bcbcf,e901e2ac-8fbd-41bd-b8f5-a5d97961215d,Covid_Reasoning,2815ba47,0,2815ba47-94a0-4adb-8332-a60329a94827,"{""answer_text_list"": [""Slippery Slope Argument""]}",0,0,0,
CovidArticles/2005CIAReportOnCoronavirus.txt,2005,2005CIAReportOnCoronavirus.txt,47990959103662e94e796d979018922afddc880fb4b867c7ca2ac8aa2146e7c4,3885,a6a66579-e4e2-44c6-93a9-cde5438e5a7e,Covid_Reasoningv1.IAA,b9fe4888-0ee2-4b08-849b-8430fe47348d,tua_csv/2020/06/Adj_S_IAA_Covid_Reasoningv1-Task-2197-DataHunt.csv.gz,True,b761a105-e599-4438-96e9-3c10076bcbcf,9c473fff-5f96-43ff-8ce7-3ddcef9f2d7e,Covid_Reasoning,39bf4ab0,0,39bf4ab0-9b63-4499-aebb-33f1cb3ec71b,"{""answer_text_list"": [""Other logical fallacy""]}",0,0,0,
CovidArticles/2005CIAReportOnCoronavirus.txt,2005,2005CIAReportOnCoronavirus.txt,47990959103662e94e796d979018922afddc880fb4b867c7ca2ac8aa2146e7c4,3885,a6a66579-e4e2-44c6-93a9-cde5438e5a7e,Covid_Reasoningv1.IAA,b9fe4888-0ee2-4b08-849b-8430fe47348d,tua_csv/2020/06/Adj_S_IAA_Covid_Reasoningv1-Task-2197-DataHunt.csv.gz,True,b761a105-e599-4438-96e9-3c10076bcbcf,e018596d-2aee-48f5-b002-230428413dc2,Covid_Reasoning,59994ba5,0,59994ba5-740d-46f2-855a-25e103a1e0d0,"{""answer_text_list"": [""Begging the Question""]}",0,0,0,
CovidArticles/2005CIAReportOnCoronavirus.txt,2005,2005CIAReportOnCoronavirus.txt,47990959103662e94e796d979018922afddc880fb4b867c7ca2ac8aa2146e7c4,3885,a6a66579-e4e2-44c6-93a9-cde5438e5a7e,Covid_Reasoningv1.IAA,b9fe4888-0ee2-4b08-849b-8430fe47348d,tua_csv/2020/06/Adj_S_IAA_Covid_Reasoningv1-Task-2197-DataHunt.csv.gz,True,b761a105-e599-4438-96e9-3c10076bcbcf,bebfaf07-550f-4f26-ae5c-a57d01b882b6,Covid_Reasoning,6642213f,0,6642213f-f85e-415a-aef3-eb64e59d4a9a,"{""answer_text_list"": [""Estimates of the likelihood/probability or frequency of an event (past, present, or future)""]}",0,0,0,
CovidArticles/2005CIAReportOnCoronavirus.txt,2005,2005CIAReportOnCoronavirus.txt,47990959103662e94e796d979018922afddc880fb4b867c7ca2ac8aa2146e7c4,3885,a6a66579-e4e2-44c6-93a9-cde5438e5a7e,Covid_Reasoningv1.IAA,b9fe4888-0ee2-4b08-849b-8430fe47348d,tua_csv/2020/06/Adj_S_IAA_Covid_Reasoningv1-Task-2197-DataHunt.csv.gz,True,b761a105-e599-4438-96e9-3c10076bcbcf,e5594134-6730-4187-9542-0417c3c7408a,Covid_Reasoning,69646cca,0,69646cca-7754-4054-bae7-e32fcc20b138,"{""answer_text_list"": [""5: 50-50 that I had it on any given item""]}",0,0,0,
CovidArticles/2005CIAReportOnCoronavirus.txt,2005,2005CIAReportOnCoronavirus.txt,47990959103662e94e796d979018922afddc880fb4b867c7ca2ac8aa2146e7c4,3885,a6a66579-e4e2-44c6-93a9-cde5438e5a7e,Covid_Reasoningv1.IAA,b9fe4888-0ee2-4b08-849b-8430fe47348d,tua_csv/2020/06/Adj_S_IAA_Covid_Reasoningv1-Task-2197-DataHunt.csv.gz,True,b761a105-e599-4438-96e9-3c10076bcbcf,9d817640-688a-4309-841e-33f80cc235f8,Covid_Reasoning,8384e5bf,0,8384e5bf-d0a7-4d3d-a5e6-ceb51a63faab,"{""answer_text_list"": [""5: Middling difficulty""]}",0,0,0,
CovidArticles/2005CIAReportOnCoronavirus.txt,2005,2005CIAReportOnCoronavirus.txt,47990959103662e94e796d979018922afddc880fb4b867c7ca2ac8aa2146e7c4,3885,a6a66579-e4e2-44c6-93a9-cde5438e5a7e,Covid_Reasoningv1.IAA,b9fe4888-0ee2-4b08-849b-8430fe47348d,tua_csv/2020/06/Adj_S_IAA_Covid_Reasoningv1-Task-2197-DataHunt.csv.gz,True,b761a105-e599-4438-96e9-3c10076bcbcf,6d09fb76-d452-49bd-9c8e-85694d3ae09f,Covid_Reasoning,9fb36658,0,9fb36658-3735-41e9-a46b-cf0d47c0ed6e,"{""answer_text_list"": [""Other misleading reasoning about probability or frequency""]}",0,0,0,
CovidArticles/2005CIAReportOnCoronavirus.txt,2005,2005CIAReportOnCoronavirus.txt,47990959103662e94e796d979018922afddc880fb4b867c7ca2ac8aa2146e7c4,3885,a6a66579-e4e2-44c6-93a9-cde5438e5a7e,Covid_Reasoningv1.IAA,b9fe4888-0ee2-4b08-849b-8430fe47348d,tua_csv/2020/06/Adj_S_IAA_Covid_Reasoningv1-Task-2197-DataHunt.csv.gz,True,b761a105-e599-4438-96e9-3c10076bcbcf,d7ba5feb-4395-4416-8eda-dd48f41ff830,Covid_Reasoning,bde68fe4,0,bde68fe4-031a-471c-a587-3ff8751df954,"{""answer_text_list"": [""Extremely""]}",0,0,0,
CovidArticles/2005CIAReportOnCoronavirus.txt,2005,2005CIAReportOnCoronavirus.txt,47990959103662e94e796d979018922afddc880fb4b867c7ca2ac8aa2146e7c4,3885,a6a66579-e4e2-44c6-93a9-cde5438e5a7e,Covid_Reasoningv1.IAA,b9fe4888-0ee2-4b08-849b-8430fe47348d,tua_csv/2020/06/Adj_S_IAA_Covid_Reasoningv1-Task-2197-DataHunt.csv.gz,True,b761a105-e599-4438-96e9-3c10076bcbcf,106ff3f2-efe0-44d6-8ca3-ac1438240948,Covid_Reasoning,d823f6bf,0,d823f6bf-0541-4217-9efa-936b6031435d,"{""answer_text_list"": [""Stereotyping""]}",0,0,0,
CovidArticles/2005CIAReportOnCoronavirus.txt,2005,2005CIAReportOnCoronavirus.txt,47990959103662e94e796d979018922afddc880fb4b867c7ca2ac8aa2146e7c4,3885,a6a66579-e4e2-44c6-93a9-cde5438e5a7e,Covid_Reasoningv1.IAA,9dfa3554-9352-40e7-bf56-7e22f4937536,tua_csv/2020/06/Adj_S_IAA_Covid_Reasoningv1-Task-2196-DataHunt.csv.gz,True,2aab5e54-c71c-4415-b121-c7e328e56d26,7ca84f08-740d-4363-8e91-d545116f703d,Covid_Reasoning,1237866c,0,1237866c-7089-42d1-a1e2-9f90b9d61148,"{""answer_text_list"": [""Misleading reasoning""]}",0,0,0,
CovidArticles/2005CIAReportOnCoronavirus.txt,2005,2005CIAReportOnCoronavirus.txt,47990959103662e94e796d979018922afddc880fb4b867c7ca2ac8aa2146e7c4,3885,a6a66579-e4e2-44c6-93a9-cde5438e5a7e,Covid_Reasoningv1.IAA,9dfa3554-9352-40e7-bf56-7e22f4937536,tua_csv/2020/06/Adj_S_IAA_Covid_Reasoningv1-Task-2196-DataHunt.csv.gz,True,2aab5e54-c71c-4415-b121-c7e328e56d26,c0a8b023-294c-4ff6-be75-ecfac99c7256,Covid_Reasoning,2815ba47,0,2815ba47-94a0-4adb-8332-a60329a94827,"{""answer_text_list"": [""Slippery Slope Argument""]}",0,0,0,
CovidArticles/2005CIAReportOnCoronavirus.txt,2005,2005CIAReportOnCoronavirus.txt,47990959103662e94e796d979018922afddc880fb4b867c7ca2ac8aa2146e7c4,3885,a6a66579-e4e2-44c6-93a9-cde5438e5a7e,Covid_Reasoningv1.IAA,9dfa3554-9352-40e7-bf56-7e22f4937536,tua_csv/2020/06/Adj_S_IAA_Covid_Reasoningv1-Task-2196-DataHunt.csv.gz,True,2aab5e54-c71c-4415-b121-c7e328e56d26,4bcb0e9e-04cf-40a8-a6b7-7160183851d5,Covid_Reasoning,57582307,0,57582307-7dbd-45d4-a725-48d3e14c27fb,"{""answer_text_list"": [""None of the above""]}",0,0,0,
CovidArticles/2005CIAReportOnCoronavirus.txt,2005,2005CIAReportOnCoronavirus.txt,47990959103662e94e796d979018922afddc880fb4b867c7ca2ac8aa2146e7c4,3885,a6a66579-e4e2-44c6-93a9-cde5438e5a7e,Covid_Reasoningv1.IAA,9dfa3554-9352-40e7-bf56-7e22f4937536,tua_csv/2020/06/Adj_S_IAA_Covid_Reasoningv1-Task-2196-DataHunt.csv.gz,True,2aab5e54-c71c-4415-b121-c7e328e56d26,3c5841a9-772f-462c-b6f5-55a0f2ad5eb8,Covid_Reasoning,8384e5bf,0,8384e5bf-d0a7-4d3d-a5e6-ceb51a63faab,"{""answer_text_list"": [""5: Middling difficulty""]}",0,0,0,
CovidArticles/2005CIAReportOnCoronavirus.txt,2005,2005CIAReportOnCoronavirus.txt,47990959103662e94e796d979018922afddc880fb4b867c7ca2ac8aa2146e7c4,3885,a6a66579-e4e2-44c6-93a9-cde5438e5a7e,Covid_Reasoningv1.IAA,9dfa3554-9352-40e7-bf56-7e22f4937536,tua_csv/2020/06/Adj_S_IAA_Covid_Reasoningv1-Task-2196-DataHunt.csv.gz,True,2aab5e54-c71c-4415-b121-c7e328e56d26,80e274c9-5afe-4219-8a1e-774d48b47178,Covid_Reasoning,bde68fe4,0,bde68fe4-031a-471c-a587-3ff8751df954,"{""answer_text_list"": [""Extremely""]}",0,0,0,
CovidArticles/2005CIAReportOnCoronavirus.txt,2005,2005CIAReportOnCoronavirus.txt,47990959103662e94e796d979018922afddc880fb4b867c7ca2ac8aa2146e7c4,3885,a6a66579-e4e2-44c6-93a9-cde5438e5a7e,Covid_Reasoningv1.IAA,9dfa3554-9352-40e7-bf56-7e22f4937536,tua_csv/2020/06/Adj_S_IAA_Covid_Reasoningv1-Task-2196-DataHunt.csv.gz,True,2aab5e54-c71c-4415-b121-c7e328e56d26,c26246cf-da07-46d6-a1a8-275eca581272,Covid_Reasoning,cd1c050a,0,cd1c050a-c16a-4479-9094-fc712179cf45,"{""answer_text_list"": [""Equivocation"", ""Equivocation""]}",2,3381,3400,American scientists
CovidArticles/2005CIAReportOnCoronavirus.txt,2005,2005CIAReportOnCoronavirus.txt,47990959103662e94e796d979018922afddc880fb4b867c7ca2ac8aa2146e7c4,3885,a6a66579-e4e2-44c6-93a9-cde5438e5a7e,Covid_Reasoningv1.IAA,9dfa3554-9352-40e7-bf56-7e22f4937536,tua_csv/2020/06/Adj_S_IAA_Covid_Reasoningv1-Task-2196-DataHunt.csv.gz,True,2aab5e54-c71c-4415-b121-c7e328e56d26,c26246cf-da07-46d6-a1a8-275eca581272,Covid_Reasoning,cd1c050a,0,cd1c050a-c16a-4479-9094-fc712179cf45,"{""answer_text_list"": [""Equivocation"", ""Equivocation""]}",2,3537,3541,they
CovidArticles/2005CIAReportOnCoronavirus.txt,2005,2005CIAReportOnCoronavirus.txt,47990959103662e94e796d979018922afddc880fb4b867c7ca2ac8aa2146e7c4,3885,a6a66579-e4e2-44c6-93a9-cde5438e5a7e,Covid_Reasoningv1.IAA,9dfa3554-9352-40e7-bf56-7e22f4937536,tua_csv/2020/06/Adj_S_IAA_Covid_Reasoningv1-Task-2196-DataHunt.csv.gz,True,2aab5e54-c71c-4415-b121-c7e328e56d26,04ee762b-7904-4327-a649-92f310d6118c,Covid_Reasoning,d1ca4968,0,d1ca4968-9555-464f-b098-db4a2f52b7a8,"{""answer_text_list"": [""9""]}",0,0,0,
CovidArticles/2005CIAReportOnCoronavirus.txt,2005,2005CIAReportOnCoronavirus.txt,47990959103662e94e796d979018922afddc880fb4b867c7ca2ac8aa2146e7c4,3885,a6a66579-e4e2-44c6-93a9-cde5438e5a7e,Covid_Reasoningv1.IAA,9dfa3554-9352-40e7-bf56-7e22f4937536,tua_csv/2020/06/Adj_S_IAA_Covid_Reasoningv1-Task-2196-DataHunt.csv.gz,True,2aab5e54-c71c-4415-b121-c7e328e56d26,37d32ca9-715c-4b86-aa7a-fff87e4d70cc,Covid_Reasoning,dc1a36c6,0,dc1a36c6-945d-4bc0-8b41-a465b07f6a17,"{""answer_text_list"": [""Before therefore because (Post hoc ergo propter hoc)"", ""Before therefore because (Post hoc ergo propter hoc)"", ""Before therefore because (Post hoc ergo propter hoc)""]}",3,3340,3344,2015
CovidArticles/2005CIAReportOnCoronavirus.txt,2005,2005CIAReportOnCoronavirus.txt,47990959103662e94e796d979018922afddc880fb4b867c7ca2ac8aa2146e7c4,3885,a6a66579-e4e2-44c6-93a9-cde5438e5a7e,Covid_Reasoningv1.IAA,9dfa3554-9352-40e7-bf56-7e22f4937536,tua_csv/2020/06/Adj_S_IAA_Covid_Reasoningv1-Task-2196-DataHunt.csv.gz,True,2aab5e54-c71c-4415-b121-c7e328e56d26,37d32ca9-715c-4b86-aa7a-fff87e4d70cc,Covid_Reasoning,dc1a36c6,0,dc1a36c6-945d-4bc0-8b41-a465b07f6a17,"{""answer_text_list"": [""Before therefore because (Post hoc ergo propter hoc)"", ""Before therefore because (Post hoc ergo propter hoc)"", ""Before therefore because (Post hoc ergo propter hoc)""]}",3,3346,3608,"they found an article stating that American scientists artificially created a hybrid version of coronavirus in different animals, for example, bats. It is further described that back in 2013 they were studying the possibility of transmitting this virus to humans"
CovidArticles/2005CIAReportOnCoronavirus.txt,2005,2005CIAReportOnCoronavirus.txt,47990959103662e94e796d979018922afddc880fb4b867c7ca2ac8aa2146e7c4,3885,a6a66579-e4e2-44c6-93a9-cde5438e5a7e,Covid_Reasoningv1.IAA,9dfa3554-9352-40e7-bf56-7e22f4937536,tua_csv/2020/06/Adj_S_IAA_Covid_Reasoningv1-Task-2196-DataHunt.csv.gz,True,2aab5e54-c71c-4415-b121-c7e328e56d26,37d32ca9-715c-4b86-aa7a-fff87e4d70cc,Covid_Reasoning,dc1a36c6,0,dc1a36c6-945d-4bc0-8b41-a465b07f6a17,"{""answer_text_list"": [""Before therefore because (Post hoc ergo propter hoc)"", ""Before therefore because (Post hoc ergo propter hoc)"", ""Before therefore because (Post hoc ergo propter hoc)""]}",3,3612,3811,"On Monday, the United States reported that they created an experimental coronavirus vaccine and began testing it. It is natural to assume who will be the beneficiary of the huge profits from its sale"
CovidArticles/SARS-CoV-2CanLiveOnPlastic.txt,100058,SARS-CoV-2CanLiveOnPlastic.txt,be0b18a87d4370fa579180ef26dcb7080598f27f9ec76181f2cfd851f320da06,2499,a6a66579-e4e2-44c6-93a9-cde5438e5a7e,Covid_Reasoningv1.IAA,9cd915d9-47fa-4ea0-b39b-65e88f7632de,tua_csv/2020/06/Adj_S_IAA_Covid_Reasoningv1-Task-2205-DataHunt.csv.gz,True,fa7e899e-1506-4d9a-8494-b1e1a742068b,9e534d4d-1494-465f-b1e3-7fb623e86b96,Covid_Reasoning,37373448,0,37373448-ee83-497d-bbaa-9db02975ea1b,"{""answer_text_list"": [""2""]}",0,0,0,
CovidArticles/SARS-CoV-2CanLiveOnPlastic.txt,100058,SARS-CoV-2CanLiveOnPlastic.txt,be0b18a87d4370fa579180ef26dcb7080598f27f9ec76181f2cfd851f320da06,2499,a6a66579-e4e2-44c6-93a9-cde5438e5a7e,Covid_Reasoningv1.IAA,9cd915d9-47fa-4ea0-b39b-65e88f7632de,tua_csv/2020/06/Adj_S_IAA_Covid_Reasoningv1-Task-2205-DataHunt.csv.gz,True,fa7e899e-1506-4d9a-8494-b1e1a742068b,8d4e1d6f-a9c8-478e-9365-a66a7f68c9c8,Covid_Reasoning,3cb68409,0,3cb68409-21e4-4d0e-8eef-21bf2beb21d6,"{""answer_text_list"": [""7""]}",0,0,0,
CovidArticles/SARS-CoV-2CanLiveOnPlastic.txt,100058,SARS-CoV-2CanLiveOnPlastic.txt,be0b18a87d4370fa579180ef26dcb7080598f27f9ec76181f2cfd851f320da06,2499,a6a66579-e4e2-44c6-93a9-cde5438e5a7e,Covid_Reasoningv1.IAA,9cd915d9-47fa-4ea0-b39b-65e88f7632de,tua_csv/2020/06/Adj_S_IAA_Covid_Reasoningv1-Task-2205-DataHunt.csv.gz,True,fa7e899e-1506-4d9a-8494-b1e1a742068b,c05cc15a-f18d-4899-b0de-e4522e25f620,Covid_Reasoning,6642213f,0,6642213f-f85e-415a-aef3-eb64e59d4a9a,"{""answer_text_list"": [""Estimates of the likelihood/probability or frequency of an event (past, present, or future)""]}",0,0,0,
CovidArticles/SARS-CoV-2CanLiveOnPlastic.txt,100058,SARS-CoV-2CanLiveOnPlastic.txt,be0b18a87d4370fa579180ef26dcb7080598f27f9ec76181f2cfd851f320da06,2499,a6a66579-e4e2-44c6-93a9-cde5438e5a7e,Covid_Reasoningv1.IAA,9cd915d9-47fa-4ea0-b39b-65e88f7632de,tua_csv/2020/06/Adj_S_IAA_Covid_Reasoningv1-Task-2205-DataHunt.csv.gz,True,fa7e899e-1506-4d9a-8494-b1e1a742068b,8bd17826-fa21-465a-9962-a5e13bde542f,Covid_Reasoning,cb1390d1,0,cb1390d1-9a3e-4550-a3a9-36ace1ffdca0,"{""answer_text_list"": [""No misleading reasoning about probability or frequency""]}",0,0,0,
CovidArticles/USMilitaryMayHaveBrought.txt,100055,USMilitaryMayHaveBrought.txt,3be14d67e2d88964904dcbe7df176bb81dacfc76a6f2e4ec66b45681c86c9301,3598,a6a66579-e4e2-44c6-93a9-cde5438e5a7e,Covid_Reasoningv1.IAA,10cd0642-69a3-4a9f-b3a4-dee81479398f,tua_csv/2020/06/Adj_S_IAA_Covid_Reasoningv1-Task-2202-DataHunt.csv.gz,True,25c06d34-fb1a-48e2-b2f8-027b821144b7,5d8f7e9b-38ae-4357-aed7-3910855a2222,Covid_Reasoning,1237866c,0,1237866c-7089-42d1-a1e2-9f90b9d61148,"{""answer_text_list"": [""Misleading reasoning""]}",0,0,0,
CovidArticles/USMilitaryMayHaveBrought.txt,100055,USMilitaryMayHaveBrought.txt,3be14d67e2d88964904dcbe7df176bb81dacfc76a6f2e4ec66b45681c86c9301,3598,a6a66579-e4e2-44c6-93a9-cde5438e5a7e,Covid_Reasoningv1.IAA,10cd0642-69a3-4a9f-b3a4-dee81479398f,tua_csv/2020/06/Adj_S_IAA_Covid_Reasoningv1-Task-2202-DataHunt.csv.gz,True,25c06d34-fb1a-48e2-b2f8-027b821144b7,ad444a13-099a-48dd-a185-765286f21fe9,Covid_Reasoning,3cb68409,0,3cb68409-21e4-4d0e-8eef-21bf2beb21d6,"{""answer_text_list"": [""7""]}",0,0,0,
CovidArticles/USMilitaryMayHaveBrought.txt,100055,USMilitaryMayHaveBrought.txt,3be14d67e2d88964904dcbe7df176bb81dacfc76a6f2e4ec66b45681c86c9301,3598,a6a66579-e4e2-44c6-93a9-cde5438e5a7e,Covid_Reasoningv1.IAA,10cd0642-69a3-4a9f-b3a4-dee81479398f,tua_csv/2020/06/Adj_S_IAA_Covid_Reasoningv1-Task-2202-DataHunt.csv.gz,True,25c06d34-fb1a-48e2-b2f8-027b821144b7,7aee7c00-af43-4cc0-a19e-85c0737df5c7,Covid_Reasoning,6642213f,0,6642213f-f85e-415a-aef3-eb64e59d4a9a,"{""answer_text_list"": [""Estimates of the likelihood/probability or frequency of an event (past, present, or future)""]}",0,0,0,
CovidArticles/USMilitaryMayHaveBrought.txt,100055,USMilitaryMayHaveBrought.txt,3be14d67e2d88964904dcbe7df176bb81dacfc76a6f2e4ec66b45681c86c9301,3598,a6a66579-e4e2-44c6-93a9-cde5438e5a7e,Covid_Reasoningv1.IAA,10cd0642-69a3-4a9f-b3a4-dee81479398f,tua_csv/2020/06/Adj_S_IAA_Covid_Reasoningv1-Task-2202-DataHunt.csv.gz,True,25c06d34-fb1a-48e2-b2f8-027b821144b7,75b00a9a-9994-4b13-a0c0-fdb9c3b77084,Covid_Reasoning,75764385,0,75764385-e849-4d59-b4f8-4c62f83eae70,"{""answer_text_list"": [""False Dilemma""]}",0,0,0,
CovidArticles/USMilitaryMayHaveBrought.txt,100055,USMilitaryMayHaveBrought.txt,3be14d67e2d88964904dcbe7df176bb81dacfc76a6f2e4ec66b45681c86c9301,3598,a6a66579-e4e2-44c6-93a9-cde5438e5a7e,Covid_Reasoningv1.IAA,10cd0642-69a3-4a9f-b3a4-dee81479398f,tua_csv/2020/06/Adj_S_IAA_Covid_Reasoningv1-Task-2202-DataHunt.csv.gz,True,25c06d34-fb1a-48e2-b2f8-027b821144b7,fed871d3-0306-45f6-b648-48308724ae64,Covid_Reasoning,8384e5bf,0,8384e5bf-d0a7-4d3d-a5e6-ceb51a63faab,"{""answer_text_list"": [""5: Middling difficulty""]}",0,0,0,
CovidArticles/USMilitaryMayHaveBrought.txt,100055,USMilitaryMayHaveBrought.txt,3be14d67e2d88964904dcbe7df176bb81dacfc76a6f2e4ec66b45681c86c9301,3598,a6a66579-e4e2-44c6-93a9-cde5438e5a7e,Covid_Reasoningv1.IAA,10cd0642-69a3-4a9f-b3a4-dee81479398f,tua_csv/2020/06/Adj_S_IAA_Covid_Reasoningv1-Task-2202-DataHunt.csv.gz,True,25c06d34-fb1a-48e2-b2f8-027b821144b7,ade42e5d-9eb6-434c-88ed-4f06ebd8c1c7,Covid_Reasoning,9c73ae39,0,9c73ae39-7534-4b95-a684-19aca8b40b59,"{""answer_text_list"": [""Hindsight Bias""]}",1,3017,3198,"It probably cost the world community two months to respond,"" during which ""we could have dramatically curtailed what happened both in China and what's now happening across the world"
CovidArticles/USMilitaryMayHaveBrought.txt,100055,USMilitaryMayHaveBrought.txt,3be14d67e2d88964904dcbe7df176bb81dacfc76a6f2e4ec66b45681c86c9301,3598,a6a66579-e4e2-44c6-93a9-cde5438e5a7e,Covid_Reasoningv1.IAA,10cd0642-69a3-4a9f-b3a4-dee81479398f,tua_csv/2020/06/Adj_S_IAA_Covid_Reasoningv1-Task-2202-DataHunt.csv.gz,True,25c06d34-fb1a-48e2-b2f8-027b821144b7,b3242350-0296-4ac9-80eb-1acabc8896f7,Covid_Reasoning,9fb36658,0,9fb36658-3735-41e9-a46b-cf0d47c0ed6e,"{""answer_text_list"": [""Other misleading reasoning about probability or frequency""]}",0,0,0,
CovidArticles/USMilitaryMayHaveBrought.txt,100055,USMilitaryMayHaveBrought.txt,3be14d67e2d88964904dcbe7df176bb81dacfc76a6f2e4ec66b45681c86c9301,3598,a6a66579-e4e2-44c6-93a9-cde5438e5a7e,Covid_Reasoningv1.IAA,10cd0642-69a3-4a9f-b3a4-dee81479398f,tua_csv/2020/06/Adj_S_IAA_Covid_Reasoningv1-Task-2202-DataHunt.csv.gz,True,25c06d34-fb1a-48e2-b2f8-027b821144b7,1a15defb-801c-4744-902b-380dba63984e,Covid_Reasoning,bde68fe4,0,bde68fe4-031a-471c-a587-3ff8751df954,"{""answer_text_list"": [""Extremely""]}",0,0,0,
CovidArticles/USMilitaryMayHaveBrought.txt,100055,USMilitaryMayHaveBrought.txt,3be14d67e2d88964904dcbe7df176bb81dacfc76a6f2e4ec66b45681c86c9301,3598,a6a66579-e4e2-44c6-93a9-cde5438e5a7e,Covid_Reasoningv1.IAA,10cd0642-69a3-4a9f-b3a4-dee81479398f,tua_csv/2020/06/Adj_S_IAA_Covid_Reasoningv1-Task-2202-DataHunt.csv.gz,True,25c06d34-fb1a-48e2-b2f8-027b821144b7,05d6f082-59dd-4c64-9506-0e260fed10c6,Covid_Reasoning,cd1c050a,0,cd1c050a-c16a-4479-9094-fc712179cf45,"{""answer_text_list"": [""Equivocation""]}",0,0,0,
CovidArticles/Covid_article_for_PE_S&S&S.txt,100059,Covid_article_for_PE_S&S&S.txt,4b537e0ed21179a29ed28da28057d338e67330ae12123ccceba6724f35bd68a4,6794,a6a66579-e4e2-44c6-93a9-cde5438e5a7e,Covid_Reasoningv1.IAA,d5e38b0b-14f5-4f9b-8796-4de21022adc3,tua_csv/2020/06/Adj_S_IAA_Covid_Reasoningv1-Task-2236-DataHunt.csv.gz,True,ba47fc7f-dfe6-40b6-9e6a-ac578e7a666c,187d3431-25db-476a-ad43-704509f28f9c,Covid_Reasoning,199c3384,0,199c3384-db59-496d-a5a8-7f70bf8157d3,"{""answer_text_list"": [""No appeals to biases""]}",0,0,0,
CovidArticles/Covid_article_for_PE_S&S&S.txt,100059,Covid_article_for_PE_S&S&S.txt,4b537e0ed21179a29ed28da28057d338e67330ae12123ccceba6724f35bd68a4,6794,a6a66579-e4e2-44c6-93a9-cde5438e5a7e,Covid_Reasoningv1.IAA,d5e38b0b-14f5-4f9b-8796-4de21022adc3,tua_csv/2020/06/Adj_S_IAA_Covid_Reasoningv1-Task-2236-DataHunt.csv.gz,True,ba47fc7f-dfe6-40b6-9e6a-ac578e7a666c,54354d40-85d9-4ca5-999d-7e7f067bc9a4,Covid_Reasoning,8384e5bf,0,8384e5bf-d0a7-4d3d-a5e6-ceb51a63faab,"{""answer_text_list"": [""5: Middling difficulty""]}",0,0,0,
CovidArticles/Covid_article_for_PE_S&S&S.txt,100059,Covid_article_for_PE_S&S&S.txt,4b537e0ed21179a29ed28da28057d338e67330ae12123ccceba6724f35bd68a4,6794,a6a66579-e4e2-44c6-93a9-cde5438e5a7e,Covid_Reasoningv1.IAA,d5e38b0b-14f5-4f9b-8796-4de21022adc3,tua_csv/2020/06/Adj_S_IAA_Covid_Reasoningv1-Task-2236-DataHunt.csv.gz,True,ba47fc7f-dfe6-40b6-9e6a-ac578e7a666c,60b7aea6-b190-44d0-b1b2-94865e25a03b,Covid_Reasoning,bb440bc5,0,bb440bc5-82c2-4212-b1af-18aa1be0a71e,"{""answer_text_list"": [""4""]}",0,0,0,
CovidArticles/Covid_article_for_PE_S&S&S.txt,100059,Covid_article_for_PE_S&S&S.txt,4b537e0ed21179a29ed28da28057d338e67330ae12123ccceba6724f35bd68a4,6794,a6a66579-e4e2-44c6-93a9-cde5438e5a7e,Covid_Reasoningv1.IAA,d5e38b0b-14f5-4f9b-8796-4de21022adc3,tua_csv/2020/06/Adj_S_IAA_Covid_Reasoningv1-Task-2236-DataHunt.csv.gz,True,ba47fc7f-dfe6-40b6-9e6a-ac578e7a666c,066d0515-82cc-45a3-bcee-5f73989cb801,Covid_Reasoning,ec3f18f7,0,ec3f18f7-f1a6-42a1-860d-d6522781716a,"{""answer_text_list"": [""An evaluative judgment (claims about something being good or bad)""]}",0,0,0,
CovidArticles/TrumpSaysHeIsSuspending.txt,100062,TrumpSaysHeIsSuspending.txt,65a7d3d18495380ac83fec111c853484bf754bc81c7a73c9de75eaa3a78186a1,3809,a6a66579-e4e2-44c6-93a9-cde5438e5a7e,Covid_Reasoningv1.IAA,482a1f8b-3c34-4ac6-9d95-e22205e7bfa0,tua_csv/2020/06/Adj_S_IAA_Covid_Reasoningv1-Task-2287-DataHunt.csv.gz,True,4e9e6658-4e84-4a7d-ba0f-b35bba09864c,d625fb04-bdd4-464c-abd4-f8a19cac9b05,Covid_Reasoning,57582307,0,57582307-7dbd-45d4-a725-48d3e14c27fb,"{""answer_text_list"": [""None of the above""]}",0,0,0,
CovidArticles/TrumpSaysHeIsSuspending.txt,100062,TrumpSaysHeIsSuspending.txt,65a7d3d18495380ac83fec111c853484bf754bc81c7a73c9de75eaa3a78186a1,3809,a6a66579-e4e2-44c6-93a9-cde5438e5a7e,Covid_Reasoningv1.IAA,482a1f8b-3c34-4ac6-9d95-e22205e7bfa0,tua_csv/2020/06/Adj_S_IAA_Covid_Reasoningv1-Task-2287-DataHunt.csv.gz,True,4e9e6658-4e84-4a7d-ba0f-b35bba09864c,13258fa2-b0db-466a-b2a0-5d3dd8e7fa48,Covid_Reasoning,8384e5bf,0,8384e5bf-d0a7-4d3d-a5e6-ceb51a63faab,"{""answer_text_list"": [""5: Middling difficulty""]}",0,0,0,
CovidArticles/TrumpSaysHeIsSuspending.txt,100062,TrumpSaysHeIsSuspending.txt,65a7d3d18495380ac83fec111c853484bf754bc81c7a73c9de75eaa3a78186a1,3809,a6a66579-e4e2-44c6-93a9-cde5438e5a7e,Covid_Reasoningv1.IAA,482a1f8b-3c34-4ac6-9d95-e22205e7bfa0,tua_csv/2020/06/Adj_S_IAA_Covid_Reasoningv1-Task-2287-DataHunt.csv.gz,True,4e9e6658-4e84-4a7d-ba0f-b35bba09864c,4b8cae23-a565-4f57-96f2-3591892d52cd,Covid_Reasoning,b5a696b8,0,b5a696b8-d51c-4d1e-984a-ce5953ec34b8,"{""answer_text_list"": [""Very""]}",0,0,0,
CovidArticles/TrumpSaysHeIsSuspending.txt,100062,TrumpSaysHeIsSuspending.txt,65a7d3d18495380ac83fec111c853484bf754bc81c7a73c9de75eaa3a78186a1,3809,a6a66579-e4e2-44c6-93a9-cde5438e5a7e,Covid_Reasoningv1.IAA,482a1f8b-3c34-4ac6-9d95-e22205e7bfa0,tua_csv/2020/06/Adj_S_IAA_Covid_Reasoningv1-Task-2287-DataHunt.csv.gz,True,4e9e6658-4e84-4a7d-ba0f-b35bba09864c,92c89470-02c4-4d3e-b940-523bf05816fd,Covid_Reasoning,bb440bc5,0,bb440bc5-82c2-4212-b1af-18aa1be0a71e,"{""answer_text_list"": [""4""]}",0,0,0,
CovidArticles/TrumpSaysHeIsSuspending.txt,100062,TrumpSaysHeIsSuspending.txt,65a7d3d18495380ac83fec111c853484bf754bc81c7a73c9de75eaa3a78186a1,3809,a6a66579-e4e2-44c6-93a9-cde5438e5a7e,Covid_Reasoningv1.IAA,f95cd8a9-4335-4f74-a90f-2e5690b36500,tua_csv/2020/06/Adj_S_IAA_Covid_Reasoningv1-Task-2289-DataHunt.csv.gz,True,e371e439-38f9-4715-bd6e-05b68c8f1f91,a7989c80-9072-4e13-ac0e-3a3fd3e6a1f0,Covid_Reasoning,199c3384,0,199c3384-db59-496d-a5a8-7f70bf8157d3,"{""answer_text_list"": [""No appeals to biases""]}",0,0,0,
CovidArticles/TrumpSaysHeIsSuspending.txt,100062,TrumpSaysHeIsSuspending.txt,65a7d3d18495380ac83fec111c853484bf754bc81c7a73c9de75eaa3a78186a1,3809,a6a66579-e4e2-44c6-93a9-cde5438e5a7e,Covid_Reasoningv1.IAA,f95cd8a9-4335-4f74-a90f-2e5690b36500,tua_csv/2020/06/Adj_S_IAA_Covid_Reasoningv1-Task-2289-DataHunt.csv.gz,True,e371e439-38f9-4715-bd6e-05b68c8f1f91,6f638da4-85ea-4a5d-bf5f-82ff83c3b2b5,Covid_Reasoning,37373448,0,37373448-ee83-497d-bbaa-9db02975ea1b,"{""answer_text_list"": [""2""]}",0,0,0,
CovidArticles/TrumpSaysHeIsSuspending.txt,100062,TrumpSaysHeIsSuspending.txt,65a7d3d18495380ac83fec111c853484bf754bc81c7a73c9de75eaa3a78186a1,3809,a6a66579-e4e2-44c6-93a9-cde5438e5a7e,Covid_Reasoningv1.IAA,f95cd8a9-4335-4f74-a90f-2e5690b36500,tua_csv/2020/06/Adj_S_IAA_Covid_Reasoningv1-Task-2289-DataHunt.csv.gz,True,e371e439-38f9-4715-bd6e-05b68c8f1f91,e970a2ae-2d39-46c1-989d-8ea30ec019ae,Covid_Reasoning,69646cca,0,69646cca-7754-4054-bae7-e32fcc20b138,"{""answer_text_list"": [""5: 50-50 that I had it on any given item""]}",0,0,0,
CovidArticles/TrumpSaysHeIsSuspending.txt,100062,TrumpSaysHeIsSuspending.txt,65a7d3d18495380ac83fec111c853484bf754bc81c7a73c9de75eaa3a78186a1,3809,a6a66579-e4e2-44c6-93a9-cde5438e5a7e,Covid_Reasoningv1.IAA,f95cd8a9-4335-4f74-a90f-2e5690b36500,tua_csv/2020/06/Adj_S_IAA_Covid_Reasoningv1-Task-2289-DataHunt.csv.gz,True,e371e439-38f9-4715-bd6e-05b68c8f1f91,46fb88fb-7ed1-42ca-a162-4e362b879774,Covid_Reasoning,ec3f18f7,0,ec3f18f7-f1a6-42a1-860d-d6522781716a,"{""answer_text_list"": [""An evaluative judgment (claims about something being good or bad)""]}",0,0,0,
CovidArticles/TrumpSaysHeIsSuspending.txt,100062,TrumpSaysHeIsSuspending.txt,65a7d3d18495380ac83fec111c853484bf754bc81c7a73c9de75eaa3a78186a1,3809,a6a66579-e4e2-44c6-93a9-cde5438e5a7e,Covid_Reasoningv1.IAA,e93372ee-bd83-45a0-a432-950837065e45,tua_csv/2020/06/Adj_S_IAA_Covid_Reasoningv1-Task-2288-DataHunt.csv.gz,True,e50e7223-71bb-4a94-9b2e-14a03a4c1be0,4a434b4f-772e-4b76-af94-911452b5991c,Covid_Reasoning,198cbfe9,0,198cbfe9-64a0-417a-8c7e-f11d16bbda9c,"{""answer_text_list"": [""6""]}",0,0,0,
CovidArticles/TrumpSaysHeIsSuspending.txt,100062,TrumpSaysHeIsSuspending.txt,65a7d3d18495380ac83fec111c853484bf754bc81c7a73c9de75eaa3a78186a1,3809,a6a66579-e4e2-44c6-93a9-cde5438e5a7e,Covid_Reasoningv1.IAA,e93372ee-bd83-45a0-a432-950837065e45,tua_csv/2020/06/Adj_S_IAA_Covid_Reasoningv1-Task-2288-DataHunt.csv.gz,True,e50e7223-71bb-4a94-9b2e-14a03a4c1be0,ec75142d-641b-4b69-aeda-a865f695654f,Covid_Reasoning,898c5f14,0,898c5f14-2b2b-4e8e-84cb-33a5291569f8,"{""answer_text_list"": [""6""]}",0,0,0,
CovidArticles/TrumpSaysHeIsSuspending.txt,100062,TrumpSaysHeIsSuspending.txt,65a7d3d18495380ac83fec111c853484bf754bc81c7a73c9de75eaa3a78186a1,3809,a6a66579-e4e2-44c6-93a9-cde5438e5a7e,Covid_Reasoningv1.IAA,e93372ee-bd83-45a0-a432-950837065e45,tua_csv/2020/06/Adj_S_IAA_Covid_Reasoningv1-Task-2288-DataHunt.csv.gz,True,e50e7223-71bb-4a94-9b2e-14a03a4c1be0,206ec47f-1b65-4732-b226-4b34273bcb7b,Covid_Reasoning,b5a696b8,0,b5a696b8-d51c-4d1e-984a-ce5953ec34b8,"{""answer_text_list"": [""Very""]}",0,0,0,
CovidArticles/TrumpSaysHeIsSuspending.txt,100062,TrumpSaysHeIsSuspending.txt,65a7d3d18495380ac83fec111c853484bf754bc81c7a73c9de75eaa3a78186a1,3809,a6a66579-e4e2-44c6-93a9-cde5438e5a7e,Covid_Reasoningv1.IAA,332691d5-cef6-4c3f-a8dd-baddff2d515f,tua_csv/2020/06/Adj_S_IAA_Covid_Reasoningv1-Task-2290-DataHunt.csv.gz,True,cef81df3-ea74-4876-bb88-b6bec7111dc2,b954f3b2-65d5-48ba-ab46-5d0159888568,Covid_Reasoning,1560f682,0,1560f682-d831-4061-a082-b33936be126c,"{""answer_text_list"": [""4""]}",0,0,0,
CovidArticles/TrumpSaysHeIsSuspending.txt,100062,TrumpSaysHeIsSuspending.txt,65a7d3d18495380ac83fec111c853484bf754bc81c7a73c9de75eaa3a78186a1,3809,a6a66579-e4e2-44c6-93a9-cde5438e5a7e,Covid_Reasoningv1.IAA,332691d5-cef6-4c3f-a8dd-baddff2d515f,tua_csv/2020/06/Adj_S_IAA_Covid_Reasoningv1-Task-2290-DataHunt.csv.gz,True,cef81df3-ea74-4876-bb88-b6bec7111dc2,1642de0e-33c0-47dc-a56e-589ce2bcc2ca,Covid_Reasoning,57582307,0,57582307-7dbd-45d4-a725-48d3e14c27fb,"{""answer_text_list"": [""None of the above""]}",0,0,0,
CovidArticles/TrumpSaysHeIsSuspending.txt,100062,TrumpSaysHeIsSuspending.txt,65a7d3d18495380ac83fec111c853484bf754bc81c7a73c9de75eaa3a78186a1,3809,a6a66579-e4e2-44c6-93a9-cde5438e5a7e,Covid_Reasoningv1.IAA,332691d5-cef6-4c3f-a8dd-baddff2d515f,tua_csv/2020/06/Adj_S_IAA_Covid_Reasoningv1-Task-2290-DataHunt.csv.gz,True,cef81df3-ea74-4876-bb88-b6bec7111dc2,41d71adf-cf1c-4ee5-abcd-1e17269d3ff2,Covid_Reasoning,898c5f14,0,898c5f14-2b2b-4e8e-84cb-33a5291569f8,"{""answer_text_list"": [""6""]}",0,0,0,
CovidArticles/TrumpSaysHeIsSuspending.txt,100062,TrumpSaysHeIsSuspending.txt,65a7d3d18495380ac83fec111c853484bf754bc81c7a73c9de75eaa3a78186a1,3809,a6a66579-e4e2-44c6-93a9-cde5438e5a7e,Covid_Reasoningv1.IAA,2cf2505b-441c-42af-8583-520572bdbd8b,tua_csv/2020/06/Adj_S_IAA_Covid_Reasoningv1-Task-2291-DataHunt.csv.gz,True,fce4b7c2-f195-4d37-9af9-9d8c0def47b4,0150861a-08fe-442e-a954-daec487e3af3,Covid_Reasoning,1560f682,0,1560f682-d831-4061-a082-b33936be126c,"{""answer_text_list"": [""4""]}",0,0,0,
CovidArticles/TrumpSaysHeIsSuspending.txt,100062,TrumpSaysHeIsSuspending.txt,65a7d3d18495380ac83fec111c853484bf754bc81c7a73c9de75eaa3a78186a1,3809,a6a66579-e4e2-44c6-93a9-cde5438e5a7e,Covid_Reasoningv1.IAA,2cf2505b-441c-42af-8583-520572bdbd8b,tua_csv/2020/06/Adj_S_IAA_Covid_Reasoningv1-Task-2291-DataHunt.csv.gz,True,fce4b7c2-f195-4d37-9af9-9d8c0def47b4,ea16e599-1a2d-408b-b8e5-fe4b73a9f0e9,Covid_Reasoning,199c3384,0,199c3384-db59-496d-a5a8-7f70bf8157d3,"{""answer_text_list"": [""No appeals to biases""]}",0,0,0,
CovidArticles/TrumpSaysHeIsSuspending.txt,100062,TrumpSaysHeIsSuspending.txt,65a7d3d18495380ac83fec111c853484bf754bc81c7a73c9de75eaa3a78186a1,3809,a6a66579-e4e2-44c6-93a9-cde5438e5a7e,Covid_Reasoningv1.IAA,2cf2505b-441c-42af-8583-520572bdbd8b,tua_csv/2020/06/Adj_S_IAA_Covid_Reasoningv1-Task-2291-DataHunt.csv.gz,True,fce4b7c2-f195-4d37-9af9-9d8c0def47b4,6d178d3a-7430-467a-886c-6c280e9bf1ae,Covid_Reasoning,1ffde4cd,0,1ffde4cd-ff4b-46bc-ba29-ea0fc1466772,"{""answer_text_list"": [""An effective critique of a reasoning error made by someone else""]}",0,0,0,
CovidArticles/TrumpSaysHeIsSuspending.txt,100062,TrumpSaysHeIsSuspending.txt,65a7d3d18495380ac83fec111c853484bf754bc81c7a73c9de75eaa3a78186a1,3809,a6a66579-e4e2-44c6-93a9-cde5438e5a7e,Covid_Reasoningv1.IAA,2cf2505b-441c-42af-8583-520572bdbd8b,tua_csv/2020/06/Adj_S_IAA_Covid_Reasoningv1-Task-2291-DataHunt.csv.gz,True,fce4b7c2-f195-4d37-9af9-9d8c0def47b4,25de792f-dd8c-4324-8838-5f2e3be9a67e,Covid_Reasoning,898c5f14,0,898c5f14-2b2b-4e8e-84cb-33a5291569f8,"{""answer_text_list"": [""6""]}",0,0,0,
CovidArticles/TrumpSaysHeIsSuspending.txt,100062,TrumpSaysHeIsSuspending.txt,65a7d3d18495380ac83fec111c853484bf754bc81c7a73c9de75eaa3a78186a1,3809,a6a66579-e4e2-44c6-93a9-cde5438e5a7e,Covid_Reasoningv1.IAA,2cf2505b-441c-42af-8583-520572bdbd8b,tua_csv/2020/06/Adj_S_IAA_Covid_Reasoningv1-Task-2291-DataHunt.csv.gz,True,fce4b7c2-f195-4d37-9af9-9d8c0def47b4,4f32525d-5cdc-4840-8feb-6157e9de8384,Covid_Reasoning,ec3f18f7,0,ec3f18f7-f1a6-42a1-860d-d6522781716a,"{""answer_text_list"": [""An evaluative judgment (claims about something being good or bad)""]}",0,0,0,
CovidArticles/TrumpSaysHeIsSuspending.txt,100062,TrumpSaysHeIsSuspending.txt,65a7d3d18495380ac83fec111c853484bf754bc81c7a73c9de75eaa3a78186a1,3809,a6a66579-e4e2-44c6-93a9-cde5438e5a7e,Covid_Reasoningv1.IAA,a378eb25-83a7-4808-a284-d9fc4f6c9aec,tua_csv/2020/06/Adj_S_IAA_Covid_Reasoningv1-Task-2292-DataHunt.csv.gz,True,085cde3c-97c3-44a4-a773-37f7d5704107,81eebd08-7795-49b7-b155-2de7dbf256bf,Covid_Reasoning,3cb68409,0,3cb68409-21e4-4d0e-8eef-21bf2beb21d6,"{""answer_text_list"": [""7""]}",0,0,0,
CovidArticles/TrumpSaysHeIsSuspending.txt,100062,TrumpSaysHeIsSuspending.txt,65a7d3d18495380ac83fec111c853484bf754bc81c7a73c9de75eaa3a78186a1,3809,a6a66579-e4e2-44c6-93a9-cde5438e5a7e,Covid_Reasoningv1.IAA,a378eb25-83a7-4808-a284-d9fc4f6c9aec,tua_csv/2020/06/Adj_S_IAA_Covid_Reasoningv1-Task-2292-DataHunt.csv.gz,True,085cde3c-97c3-44a4-a773-37f7d5704107,85f033ba-c86e-4490-ad01-e21b2bb16bac,Covid_Reasoning,8384e5bf,0,8384e5bf-d0a7-4d3d-a5e6-ceb51a63faab,"{""answer_text_list"": [""5: Middling difficulty""]}",0,0,0,
